RunID,Size,PathCount,WallDensity,FreeCells,ManhattanDist,AStarH1PathLength,Algorithm,Success,Time(s),VisitedNodes,PathLength,TurnCount,SearchCoverage,SearchEffRatio,TimePerNode,PathOptimalityRatio,Suboptimality,PeakFrontier,PeakMemory(bytes),PlanningIters,PlanningTime(s),ExtractionTime(s),CumulativeReward,DiscountedReturn,StatesValued
1,7,1,0.6531,17,2,3,DFS,1,7.996700151124969e-05,3,3,0,0.176471,1.000000,0.00002666,1.000000,0.000000,2,632,N/A,N/A,N/A,N/A,N/A,N/A
1,7,1,0.6531,17,2,3,BFS,1,0.0001930959988385439,3,3,0,0.176471,1.000000,0.00006437,1.000000,0.000000,2,1384,N/A,N/A,N/A,N/A,N/A,N/A
1,7,1,0.6531,17,2,3,AStar_h1,1,6.480200318037532e-05,3,3,0,0.176471,1.000000,0.00002160,1.000000,0.000000,2,832,N/A,N/A,N/A,N/A,N/A,N/A
1,7,1,0.6531,17,2,3,AStar_h2,1,0.00010170600216952153,3,3,0,0.176471,1.000000,0.00003390,1.000000,0.000000,2,1352,N/A,N/A,N/A,N/A,N/A,N/A
1,7,1,0.6531,17,2,3,MDP_VI,1,0.03395897399968817,17,3,0,1.000000,0.176471,0.00199759,1.000000,0.000000,17,6912,40,0.03388817,0.00002809,99.0000,98.0000,17
1,7,1,0.6531,17,2,3,MDP_PI,1,0.15337432500018622,17,3,0,1.000000,0.176471,0.00902202,1.000000,0.000000,17,6064,3,0.15332532,0.00001875,99.0000,98.0000,17
2,7,1,0.6531,17,2,3,DFS,1,3.686700074467808e-05,2,3,0,0.117647,1.500000,0.00001843,1.000000,0.000000,1,632,N/A,N/A,N/A,N/A,N/A,N/A
2,7,1,0.6531,17,2,3,BFS,1,4.1825001972028986e-05,2,3,0,0.117647,1.500000,0.00002091,1.000000,0.000000,1,1328,N/A,N/A,N/A,N/A,N/A,N/A
2,7,1,0.6531,17,2,3,AStar_h1,1,4.903199805994518e-05,2,3,0,0.117647,1.500000,0.00002452,1.000000,0.000000,1,648,N/A,N/A,N/A,N/A,N/A,N/A
2,7,1,0.6531,17,2,3,AStar_h2,1,7.253799776663072e-05,2,3,0,0.117647,1.500000,0.00003627,1.000000,0.000000,1,1160,N/A,N/A,N/A,N/A,N/A,N/A
2,7,1,0.6531,17,2,3,MDP_VI,1,0.024950021997938165,17,3,0,1.000000,0.176471,0.00146765,1.000000,0.000000,17,3856,42,0.02487529,0.00003450,99.0000,98.0000,17
2,7,1,0.6531,17,2,3,MDP_PI,1,0.11925451700153644,17,3,0,1.000000,0.176471,0.00701497,1.000000,0.000000,17,4440,2,0.11919095,0.00001852,99.0000,98.0000,17
3,7,1,0.6531,17,3,8,DFS,1,9.192300058202818e-05,9,8,3,0.529412,0.888889,0.00001021,1.000000,0.000000,2,1120,N/A,N/A,N/A,N/A,N/A,N/A
3,7,1,0.6531,17,3,8,BFS,1,8.511200212524273e-05,11,8,3,0.647059,0.727273,0.00000774,1.000000,0.000000,2,1872,N/A,N/A,N/A,N/A,N/A,N/A
3,7,1,0.6531,17,3,8,AStar_h1,1,7.257499964907765e-05,9,8,3,0.529412,0.888889,0.00000806,1.000000,0.000000,2,1576,N/A,N/A,N/A,N/A,N/A,N/A
3,7,1,0.6531,17,3,8,AStar_h2,1,0.00012572999912663363,9,8,3,0.529412,0.888889,0.00001397,1.000000,0.000000,2,1992,N/A,N/A,N/A,N/A,N/A,N/A
3,7,1,0.6531,17,3,8,MDP_VI,1,0.021111939000547864,17,8,3,1.000000,0.470588,0.00124188,1.000000,0.000000,17,3824,35,0.02105601,0.00002628,94.0000,88.2960,17
3,7,1,0.6531,17,3,8,MDP_PI,1,0.07672090599953663,17,8,3,1.000000,0.470588,0.00451299,1.000000,0.000000,17,5448,2,0.07665169,0.00002384,94.0000,88.2960,17
4,7,1,0.6531,17,5,6,DFS,1,8.148000051733106e-05,13,6,1,0.764706,0.461538,0.00000627,1.000000,0.000000,3,1064,N/A,N/A,N/A,N/A,N/A,N/A
4,7,1,0.6531,17,5,6,BFS,1,7.434399958583526e-05,12,6,1,0.705882,0.500000,0.00000620,1.000000,0.000000,3,1808,N/A,N/A,N/A,N/A,N/A,N/A
4,7,1,0.6531,17,5,6,AStar_h1,1,7.06309983797837e-05,9,6,1,0.529412,0.666667,0.00000785,1.000000,0.000000,3,1528,N/A,N/A,N/A,N/A,N/A,N/A
4,7,1,0.6531,17,5,6,AStar_h2,1,0.00010495500100660138,9,6,1,0.529412,0.666667,0.00001166,1.000000,0.000000,3,1992,N/A,N/A,N/A,N/A,N/A,N/A
4,7,1,0.6531,17,5,6,MDP_VI,1,0.023152269001002423,17,6,1,1.000000,0.352941,0.00136190,1.000000,0.000000,17,3760,37,0.02310250,0.00002299,96.0000,92.1192,17
4,7,1,0.6531,17,5,6,MDP_PI,1,0.12832992000039667,17,6,1,1.000000,0.352941,0.00754882,1.000000,0.000000,17,4440,2,0.12827921,0.00001893,96.0000,92.1192,17
5,7,1,0.6531,17,2,7,DFS,1,8.438100121566094e-05,14,7,2,0.823529,0.500000,0.00000603,1.000000,0.000000,3,1040,N/A,N/A,N/A,N/A,N/A,N/A
5,7,1,0.6531,17,2,7,BFS,1,8.416299897362478e-05,14,7,2,0.823529,0.500000,0.00000601,1.000000,0.000000,3,1840,N/A,N/A,N/A,N/A,N/A,N/A
5,7,1,0.6531,17,2,7,AStar_h1,1,7.221499981824309e-05,10,7,2,0.588235,0.700000,0.00000722,1.000000,0.000000,3,2080,N/A,N/A,N/A,N/A,N/A,N/A
5,7,1,0.6531,17,2,7,AStar_h2,1,0.00010084500172524713,8,7,2,0.470588,0.875000,0.00001261,1.000000,0.000000,2,1992,N/A,N/A,N/A,N/A,N/A,N/A
5,7,1,0.6531,17,2,7,MDP_VI,1,0.02328895000027842,17,7,2,1.000000,0.411765,0.00136994,1.000000,0.000000,17,3760,40,0.02323841,0.00002233,95.0000,90.1980,17
5,7,1,0.6531,17,2,7,MDP_PI,1,0.1253841369980364,17,7,2,1.000000,0.411765,0.00737554,1.000000,0.000000,17,25292,2,0.12532099,0.00002023,95.0000,90.1980,17
6,7,2,0.6327,18,5,6,DFS,1,7.18830015102867e-05,12,12,3,0.666667,1.000000,0.00000599,0.500000,1.000000,2,1144,N/A,N/A,N/A,N/A,N/A,N/A
6,7,2,0.6327,18,5,6,BFS,1,6.997699892963283e-05,12,6,2,0.666667,0.500000,0.00000583,1.000000,0.000000,3,1856,N/A,N/A,N/A,N/A,N/A,N/A
6,7,2,0.6327,18,5,6,AStar_h1,1,5.9557998611126095e-05,7,6,2,0.388889,0.857143,0.00000851,1.000000,0.000000,3,1464,N/A,N/A,N/A,N/A,N/A,N/A
6,7,2,0.6327,18,5,6,AStar_h2,1,0.00011147199984407052,7,6,2,0.388889,0.857143,0.00001592,1.000000,0.000000,3,1992,N/A,N/A,N/A,N/A,N/A,N/A
6,7,2,0.6327,18,5,6,MDP_VI,1,0.01919534199987538,18,6,2,1.000000,0.333333,0.00106641,1.000000,0.000000,18,3696,30,0.01914738,0.00002082,96.0000,92.1192,18
6,7,2,0.6327,18,5,6,MDP_PI,1,0.13154966999718454,18,6,2,1.000000,0.333333,0.00730831,1.000000,0.000000,18,4440,2,0.13148162,0.00002344,96.0000,92.1192,18
7,7,2,0.6327,18,5,10,DFS,1,7.299000208149664e-05,11,10,4,0.611111,0.909091,0.00000664,1.000000,0.000000,3,1192,N/A,N/A,N/A,N/A,N/A,N/A
7,7,2,0.6327,18,5,10,BFS,1,9.285700070904568e-05,16,10,2,0.888889,0.625000,0.00000580,1.000000,0.000000,2,1872,N/A,N/A,N/A,N/A,N/A,N/A
7,7,2,0.6327,18,5,10,AStar_h1,1,9.966799916583113e-05,16,10,4,0.888889,0.625000,0.00000623,1.000000,0.000000,2,2360,N/A,N/A,N/A,N/A,N/A,N/A
7,7,2,0.6327,18,5,10,AStar_h2,1,0.00012108699957025237,11,10,4,0.611111,0.909091,0.00001101,1.000000,0.000000,3,2616,N/A,N/A,N/A,N/A,N/A,N/A
7,7,2,0.6327,18,5,10,MDP_VI,1,0.02192752299743006,18,10,2,1.000000,0.555556,0.00121820,1.000000,0.000000,18,3696,33,0.02185147,0.00003316,92.0000,84.5489,18
7,7,2,0.6327,18,5,10,MDP_PI,1,0.13192474199968274,18,10,2,1.000000,0.555556,0.00732915,1.000000,0.000000,18,4504,3,0.13185495,0.00002721,92.0000,84.5489,18
8,7,2,0.6327,18,3,4,DFS,1,3.913799810106866e-05,4,4,1,0.222222,1.000000,0.00000978,1.000000,0.000000,2,920,N/A,N/A,N/A,N/A,N/A,N/A
8,7,2,0.6327,18,3,4,BFS,1,5.6731001677690074e-05,8,4,1,0.444444,0.500000,0.00000709,1.000000,0.000000,3,1752,N/A,N/A,N/A,N/A,N/A,N/A
8,7,2,0.6327,18,3,4,AStar_h1,1,4.641399937099777e-05,4,4,1,0.222222,1.000000,0.00001160,1.000000,0.000000,2,664,N/A,N/A,N/A,N/A,N/A,N/A
8,7,2,0.6327,18,3,4,AStar_h2,1,7.428699973388575e-05,4,4,1,0.222222,1.000000,0.00001857,1.000000,0.000000,2,1192,N/A,N/A,N/A,N/A,N/A,N/A
8,7,2,0.6327,18,3,4,MDP_VI,1,0.022358914000506047,18,4,1,1.000000,0.222222,0.00124216,1.000000,0.000000,18,3784,37,0.02231756,0.00001451,98.0000,96.0200,18
8,7,2,0.6327,18,3,4,MDP_PI,1,0.1468356679979479,18,4,1,1.000000,0.222222,0.00815754,1.000000,0.000000,18,4856,3,0.14677602,0.00001705,98.0000,96.0200,18
9,7,2,0.6327,18,4,7,DFS,1,8.234100096160546e-05,9,7,2,0.500000,0.777778,0.00000915,1.000000,0.000000,3,1424,N/A,N/A,N/A,N/A,N/A,N/A
9,7,2,0.6327,18,4,7,BFS,1,7.872700007283129e-05,14,7,2,0.777778,0.500000,0.00000562,1.000000,0.000000,4,1968,N/A,N/A,N/A,N/A,N/A,N/A
9,7,2,0.6327,18,4,7,AStar_h1,1,6.814599692006595e-05,9,7,2,0.500000,0.777778,0.00000757,1.000000,0.000000,3,1608,N/A,N/A,N/A,N/A,N/A,N/A
9,7,2,0.6327,18,4,7,AStar_h2,1,0.00011001399980159476,9,7,2,0.500000,0.777778,0.00001222,1.000000,0.000000,3,1992,N/A,N/A,N/A,N/A,N/A,N/A
9,7,2,0.6327,18,4,7,MDP_VI,1,0.01994619600009173,18,7,2,1.000000,0.388889,0.00110812,1.000000,0.000000,18,3696,31,0.01990138,0.00002130,95.0000,90.1980,18
9,7,2,0.6327,18,4,7,MDP_PI,1,0.12656382000204758,18,7,2,1.000000,0.388889,0.00703132,1.000000,0.000000,18,4440,2,0.12650530,0.00002233,95.0000,90.1980,18
10,7,2,0.6327,18,2,3,DFS,1,3.313200068078004e-05,3,3,1,0.166667,1.000000,0.00001104,1.000000,0.000000,2,400,N/A,N/A,N/A,N/A,N/A,N/A
10,7,2,0.6327,18,2,3,BFS,1,6.0092999774497e-05,7,3,1,0.388889,0.428571,0.00000858,1.000000,0.000000,3,1720,N/A,N/A,N/A,N/A,N/A,N/A
10,7,2,0.6327,18,2,3,AStar_h1,1,4.2236999433953315e-05,3,3,1,0.166667,1.000000,0.00001408,1.000000,0.000000,2,664,N/A,N/A,N/A,N/A,N/A,N/A
10,7,2,0.6327,18,2,3,AStar_h2,1,7.37369991838932e-05,3,3,1,0.166667,1.000000,0.00002458,1.000000,0.000000,2,1304,N/A,N/A,N/A,N/A,N/A,N/A
10,7,2,0.6327,18,2,3,MDP_VI,1,0.023003520000202116,18,3,1,1.000000,0.166667,0.00127797,1.000000,0.000000,18,4048,35,0.02294054,0.00002334,99.0000,98.0000,18
10,7,2,0.6327,18,2,3,MDP_PI,1,0.15583172700280556,18,3,1,1.000000,0.166667,0.00865732,1.000000,0.000000,18,26100,2,0.15577472,0.00001447,99.0000,98.0000,18
11,7,3,0.6122,19,5,6,DFS,1,5.436400169855915e-05,9,8,2,0.473684,0.888889,0.00000604,0.750000,0.333333,3,1112,N/A,N/A,N/A,N/A,N/A,N/A
11,7,3,0.6122,19,5,6,BFS,1,0.00010013100109063089,15,6,1,0.789474,0.400000,0.00000668,1.000000,0.000000,4,1872,N/A,N/A,N/A,N/A,N/A,N/A
11,7,3,0.6122,19,5,6,AStar_h1,1,7.526699846494012e-05,11,6,2,0.578947,0.545455,0.00000684,1.000000,0.000000,4,2360,N/A,N/A,N/A,N/A,N/A,N/A
11,7,3,0.6122,19,5,6,AStar_h2,1,0.00010575700071058236,9,6,2,0.473684,0.666667,0.00001175,1.000000,0.000000,4,1992,N/A,N/A,N/A,N/A,N/A,N/A
11,7,3,0.6122,19,5,6,MDP_VI,1,0.024449156000628136,19,6,2,1.000000,0.315789,0.00128680,1.000000,0.000000,19,5296,34,0.02440748,0.00001886,96.0000,92.1192,19
11,7,3,0.6122,19,5,6,MDP_PI,1,0.14401771299890243,19,6,2,1.000000,0.315789,0.00757988,1.000000,0.000000,19,7744,3,0.14395720,0.00002237,96.0000,92.1192,19
12,7,3,0.6122,19,5,6,DFS,1,7.503300003008917e-05,14,10,3,0.736842,0.714286,0.00000536,0.600000,0.666667,4,1224,N/A,N/A,N/A,N/A,N/A,N/A
12,7,3,0.6122,19,5,6,BFS,1,0.00010020400077337399,17,6,2,0.894737,0.352941,0.00000589,1.000000,0.000000,5,1936,N/A,N/A,N/A,N/A,N/A,N/A
12,7,3,0.6122,19,5,6,AStar_h1,1,8.204899859265424e-05,11,6,2,0.578947,0.545455,0.00000746,1.000000,0.000000,4,2360,N/A,N/A,N/A,N/A,N/A,N/A
12,7,3,0.6122,19,5,6,AStar_h2,1,0.00011390600047889166,10,6,2,0.526316,0.600000,0.00001139,1.000000,0.000000,4,2336,N/A,N/A,N/A,N/A,N/A,N/A
12,7,3,0.6122,19,5,6,MDP_VI,1,0.022192404001543764,19,6,2,1.000000,0.315789,0.00116802,1.000000,0.000000,19,5264,33,0.02212699,0.00002914,96.0000,92.1192,19
12,7,3,0.6122,19,5,6,MDP_PI,1,0.14518136699916795,19,6,2,1.000000,0.315789,0.00764112,1.000000,0.000000,19,7744,4,0.14513665,0.00002067,96.0000,92.1192,19
13,7,3,0.6122,19,2,3,DFS,1,8.798500130069442e-05,16,3,0,0.842105,0.187500,0.00000550,1.000000,0.000000,5,1192,N/A,N/A,N/A,N/A,N/A,N/A
13,7,3,0.6122,19,2,3,BFS,1,6.596299863304012e-05,11,3,0,0.578947,0.272727,0.00000600,1.000000,0.000000,5,1840,N/A,N/A,N/A,N/A,N/A,N/A
13,7,3,0.6122,19,2,3,AStar_h1,1,4.924400127492845e-05,5,3,0,0.263158,0.600000,0.00000985,1.000000,0.000000,4,936,N/A,N/A,N/A,N/A,N/A,N/A
13,7,3,0.6122,19,2,3,AStar_h2,1,8.050700125750154e-05,5,3,0,0.263158,0.600000,0.00001610,1.000000,0.000000,4,1320,N/A,N/A,N/A,N/A,N/A,N/A
13,7,3,0.6122,19,2,3,MDP_VI,1,0.021547241001826478,19,3,0,1.000000,0.157895,0.00113407,1.000000,0.000000,19,5200,31,0.02150817,0.00001442,99.0000,98.0000,19
13,7,3,0.6122,19,2,3,MDP_PI,1,0.14210644800186856,19,3,0,1.000000,0.157895,0.00747929,1.000000,0.000000,19,7744,3,0.14205764,0.00001490,99.0000,98.0000,19
14,7,3,0.6122,19,4,5,DFS,1,9.203599984175526e-05,14,13,4,0.736842,0.928571,0.00000657,0.384615,1.600000,3,1576,N/A,N/A,N/A,N/A,N/A,N/A
14,7,3,0.6122,19,4,5,BFS,1,8.076799713307992e-05,11,5,2,0.578947,0.454545,0.00000734,1.000000,0.000000,4,1848,N/A,N/A,N/A,N/A,N/A,N/A
14,7,3,0.6122,19,4,5,AStar_h1,1,5.6811997637851164e-05,6,5,2,0.315789,0.833333,0.00000947,1.000000,0.000000,3,1464,N/A,N/A,N/A,N/A,N/A,N/A
14,7,3,0.6122,19,4,5,AStar_h2,1,0.00010650900003383867,6,5,2,0.315789,0.833333,0.00001775,1.000000,0.000000,3,1480,N/A,N/A,N/A,N/A,N/A,N/A
14,7,3,0.6122,19,4,5,MDP_VI,1,0.02190918199994485,19,5,2,1.000000,0.263158,0.00115311,1.000000,0.000000,19,5432,31,0.02184766,0.00002537,97.0000,94.0598,19
14,7,3,0.6122,19,4,5,MDP_PI,1,0.09692043399991235,19,5,2,1.000000,0.263158,0.00510108,1.000000,0.000000,19,7680,2,0.09686164,0.00002006,97.0000,94.0598,19
15,7,3,0.6122,19,2,3,DFS,1,3.0267001420725137e-05,2,3,0,0.105263,1.500000,0.00001513,1.000000,0.000000,1,352,N/A,N/A,N/A,N/A,N/A,N/A
15,7,3,0.6122,19,2,3,BFS,1,3.727899820660241e-05,2,3,0,0.105263,1.500000,0.00001864,1.000000,0.000000,1,1104,N/A,N/A,N/A,N/A,N/A,N/A
15,7,3,0.6122,19,2,3,AStar_h1,1,4.400099714985117e-05,2,3,0,0.105263,1.500000,0.00002200,1.000000,0.000000,1,648,N/A,N/A,N/A,N/A,N/A,N/A
15,7,3,0.6122,19,2,3,AStar_h2,1,6.450400178437121e-05,2,3,0,0.105263,1.500000,0.00003225,1.000000,0.000000,1,1160,N/A,N/A,N/A,N/A,N/A,N/A
15,7,3,0.6122,19,2,3,MDP_VI,1,0.0223308310014545,19,3,0,1.000000,0.157895,0.00117531,1.000000,0.000000,19,5232,33,0.02229573,0.00001411,99.0000,98.0000,19
15,7,3,0.6122,19,2,3,MDP_PI,1,0.15253008500076248,19,3,0,1.000000,0.157895,0.00802790,1.000000,0.000000,19,10009545,3,0.15248480,0.00001438,99.0000,98.0000,19
16,10,1,0.5100,49,5,8,DFS,1,8.55270009196829e-05,10,8,2,0.204082,0.800000,0.00000855,1.000000,0.000000,2,1392,N/A,N/A,N/A,N/A,N/A,N/A
16,10,1,0.5100,49,5,8,BFS,1,8.903300113161094e-05,13,8,2,0.265306,0.615385,0.00000685,1.000000,0.000000,2,1872,N/A,N/A,N/A,N/A,N/A,N/A
16,10,1,0.5100,49,5,8,AStar_h1,1,7.642200216650963e-05,10,8,2,0.204082,0.800000,0.00000764,1.000000,0.000000,2,2080,N/A,N/A,N/A,N/A,N/A,N/A
16,10,1,0.5100,49,5,8,AStar_h2,1,0.00013614400086225942,10,8,2,0.204082,0.800000,0.00001361,1.000000,0.000000,2,2336,N/A,N/A,N/A,N/A,N/A,N/A
16,10,1,0.5100,49,5,8,MDP_VI,1,0.12178471199877094,49,8,2,1.000000,0.163265,0.00248540,1.000000,0.000000,49,12752,64,0.12171284,0.00002942,94.0000,88.2960,49
16,10,1,0.5100,49,5,8,MDP_PI,1,0.6249240799988911,49,8,2,1.000000,0.163265,0.01275355,1.000000,0.000000,49,34972,3,0.62486370,0.00002263,94.0000,88.2960,49
17,10,1,0.5100,49,8,13,DFS,1,0.00022422600159188733,43,13,5,0.877551,0.302326,0.00000521,1.000000,0.000000,3,3224,N/A,N/A,N/A,N/A,N/A,N/A
17,10,1,0.5100,49,8,13,BFS,1,0.00011875900236191228,24,13,5,0.489796,0.541667,0.00000495,1.000000,0.000000,3,3928,N/A,N/A,N/A,N/A,N/A,N/A
17,10,1,0.5100,49,8,13,AStar_h1,1,9.521899846731685e-05,15,13,5,0.306122,0.866667,0.00000635,1.000000,0.000000,2,2360,N/A,N/A,N/A,N/A,N/A,N/A
17,10,1,0.5100,49,8,13,AStar_h2,1,0.00015684000027249567,14,13,5,0.285714,0.928571,0.00001120,1.000000,0.000000,2,2616,N/A,N/A,N/A,N/A,N/A,N/A
17,10,1,0.5100,49,8,13,MDP_VI,1,0.1447566469978483,49,13,5,1.000000,0.265306,0.00295422,1.000000,0.000000,49,12976,77,0.14467974,0.00003783,89.0000,79.0677,49
17,10,1,0.5100,49,8,13,MDP_PI,1,0.8242018409982848,49,13,5,1.000000,0.265306,0.01682045,1.000000,0.000000,49,34540,5,0.82411558,0.00003241,89.0000,79.0677,49
18,10,1,0.5100,49,4,9,DFS,1,9.092700202018023e-05,16,9,3,0.326531,0.562500,0.00000568,1.000000,0.000000,2,1136,N/A,N/A,N/A,N/A,N/A,N/A
18,10,1,0.5100,49,4,9,BFS,1,0.00010555299741099589,19,9,3,0.387755,0.473684,0.00000556,1.000000,0.000000,3,3976,N/A,N/A,N/A,N/A,N/A,N/A
18,10,1,0.5100,49,4,9,AStar_h1,1,9.467600102652796e-05,16,9,3,0.326531,0.562500,0.00000592,1.000000,0.000000,3,2360,N/A,N/A,N/A,N/A,N/A,N/A
18,10,1,0.5100,49,4,9,AStar_h2,1,0.0001311980013269931,12,9,3,0.244898,0.750000,0.00001093,1.000000,0.000000,3,2616,N/A,N/A,N/A,N/A,N/A,N/A
18,10,1,0.5100,49,4,9,MDP_VI,1,0.1279283170006238,49,9,3,1.000000,0.183673,0.00261078,1.000000,0.000000,49,12728,68,0.12785012,0.00003428,93.0000,86.4131,49
18,10,1,0.5100,49,4,9,MDP_PI,1,0.5793309360014973,49,9,3,1.000000,0.183673,0.01182308,1.000000,0.000000,49,12832,3,0.57927942,0.00002203,93.0000,86.4131,49
19,10,1,0.5100,49,4,29,DFS,1,0.00013593199764727615,29,29,4,0.591837,1.000000,0.00000469,1.000000,0.000000,2,3200,N/A,N/A,N/A,N/A,N/A,N/A
19,10,1,0.5100,49,4,29,BFS,1,0.00020964199939044192,42,29,4,0.857143,0.690476,0.00000499,1.000000,0.000000,2,3952,N/A,N/A,N/A,N/A,N/A,N/A
19,10,1,0.5100,49,4,29,AStar_h1,1,0.00020194900207570754,42,29,4,0.857143,0.690476,0.00000481,1.000000,0.000000,2,7136,N/A,N/A,N/A,N/A,N/A,N/A
19,10,1,0.5100,49,4,29,AStar_h2,1,0.000335508997522993,42,29,4,0.857143,0.690476,0.00000799,1.000000,0.000000,2,7136,N/A,N/A,N/A,N/A,N/A,N/A
19,10,1,0.5100,49,4,29,MDP_VI,1,0.1693886540015228,49,29,4,1.000000,0.591837,0.00345691,1.000000,0.000000,49,13216,86,0.16930325,0.00005324,73.0000,52.4685,49
19,10,1,0.5100,49,4,29,MDP_PI,1,0.6895652140010498,49,29,4,1.000000,0.591837,0.01407276,1.000000,0.000000,49,33220,4,0.68948032,0.00004998,73.0000,52.4685,49
20,10,1,0.5100,49,4,5,DFS,1,0.00015006000103312545,29,5,1,0.591837,0.172414,0.00000517,1.000000,0.000000,3,3216,N/A,N/A,N/A,N/A,N/A,N/A
20,10,1,0.5100,49,4,5,BFS,1,7.397700028377585e-05,12,5,1,0.244898,0.416667,0.00000616,1.000000,0.000000,3,1840,N/A,N/A,N/A,N/A,N/A,N/A
20,10,1,0.5100,49,4,5,AStar_h1,1,5.9162000979995355e-05,7,5,1,0.142857,0.714286,0.00000845,1.000000,0.000000,3,1464,N/A,N/A,N/A,N/A,N/A,N/A
20,10,1,0.5100,49,4,5,AStar_h2,1,0.00011487500160001218,7,5,1,0.142857,0.714286,0.00001641,1.000000,0.000000,3,1992,N/A,N/A,N/A,N/A,N/A,N/A
20,10,1,0.5100,49,4,5,MDP_VI,1,0.11967959400135442,49,5,1,1.000000,0.102041,0.00244244,1.000000,0.000000,49,12536,64,0.11962920,0.00002094,97.0000,94.0598,49
20,10,1,0.5100,49,4,5,MDP_PI,1,0.6692551849992014,49,5,1,1.000000,0.102041,0.01365827,1.000000,0.000000,49,33748,3,0.66918172,0.00002165,97.0000,94.0598,49
21,10,2,0.5000,50,9,14,DFS,1,0.00021125399871380068,40,38,9,0.800000,0.950000,0.00000528,0.368421,1.714286,3,3760,N/A,N/A,N/A,N/A,N/A,N/A
21,10,2,0.5000,50,9,14,BFS,1,0.0001146159993368201,20,14,6,0.400000,0.700000,0.00000573,1.000000,0.000000,2,3976,N/A,N/A,N/A,N/A,N/A,N/A
21,10,2,0.5000,50,9,14,AStar_h1,1,0.00010419799946248531,17,14,6,0.340000,0.823529,0.00000613,1.000000,0.000000,2,2360,N/A,N/A,N/A,N/A,N/A,N/A
21,10,2,0.5000,50,9,14,AStar_h2,1,0.00017643699902691878,17,14,6,0.340000,0.823529,0.00001038,1.000000,0.000000,2,2616,N/A,N/A,N/A,N/A,N/A,N/A
21,10,2,0.5000,50,9,14,MDP_VI,1,0.09026058099698275,50,14,6,1.000000,0.280000,0.00180521,1.000000,0.000000,50,12080,48,0.09018218,0.00003841,88.0000,77.2770,50
21,10,2,0.5000,50,9,14,MDP_PI,1,0.6888832680015184,50,14,6,1.000000,0.280000,0.01377767,1.000000,0.000000,50,33220,3,0.68879863,0.00003445,88.0000,77.2770,50
22,10,2,0.5000,50,5,24,DFS,1,0.00023027600036584772,48,24,8,0.960000,0.500000,0.00000480,1.000000,0.000000,3,3432,N/A,N/A,N/A,N/A,N/A,N/A
22,10,2,0.5000,50,5,24,BFS,1,0.00018851800268748775,43,24,9,0.860000,0.558140,0.00000438,1.000000,0.000000,4,4064,N/A,N/A,N/A,N/A,N/A,N/A
22,10,2,0.5000,50,5,24,AStar_h1,1,0.00019587899805628695,43,24,9,0.860000,0.558140,0.00000456,1.000000,0.000000,4,8264,N/A,N/A,N/A,N/A,N/A,N/A
22,10,2,0.5000,50,5,24,AStar_h2,1,0.00038744700214010663,43,24,9,0.860000,0.558140,0.00000901,1.000000,0.000000,4,8264,N/A,N/A,N/A,N/A,N/A,N/A
22,10,2,0.5000,50,5,24,MDP_VI,1,0.13155923500016797,50,24,9,1.000000,0.480000,0.00263118,1.000000,0.000000,50,12728,70,0.13142763,0.00008283,78.0000,60.3261,50
22,10,2,0.5000,50,5,24,MDP_PI,1,0.6376694770005997,50,24,9,1.000000,0.480000,0.01275339,1.000000,0.000000,50,12968,4,0.63759566,0.00004568,78.0000,60.3261,50
23,10,2,0.5000,50,6,7,DFS,1,4.961100057698786e-05,7,7,1,0.140000,1.000000,0.00000709,1.000000,0.000000,2,1000,N/A,N/A,N/A,N/A,N/A,N/A
23,10,2,0.5000,50,6,7,BFS,1,8.809899736661464e-05,13,7,1,0.260000,0.538462,0.00000678,1.000000,0.000000,2,1848,N/A,N/A,N/A,N/A,N/A,N/A
23,10,2,0.5000,50,6,7,AStar_h1,1,8.001099922694266e-05,11,7,1,0.220000,0.636364,0.00000727,1.000000,0.000000,2,2360,N/A,N/A,N/A,N/A,N/A,N/A
23,10,2,0.5000,50,6,7,AStar_h2,1,9.609300104784779e-05,7,7,1,0.140000,1.000000,0.00001373,1.000000,0.000000,2,1992,N/A,N/A,N/A,N/A,N/A,N/A
23,10,2,0.5000,50,6,7,MDP_VI,1,0.10457475799921667,50,7,1,1.000000,0.140000,0.00209150,1.000000,0.000000,50,12368,55,0.10450500,0.00002975,95.0000,90.1980,50
23,10,2,0.5000,50,6,7,MDP_PI,1,0.3971526079985779,50,7,1,1.000000,0.140000,0.00794305,1.000000,0.000000,50,13104,3,0.39709150,0.00002223,95.0000,90.1980,50
24,10,2,0.5000,50,8,17,DFS,1,0.00020501099788816646,37,33,9,0.740000,0.891892,0.00000554,0.515152,0.941176,4,4120,N/A,N/A,N/A,N/A,N/A,N/A
24,10,2,0.5000,50,8,17,BFS,1,0.00021248499979265034,48,17,5,0.960000,0.354167,0.00000443,1.000000,0.000000,4,4024,N/A,N/A,N/A,N/A,N/A,N/A
24,10,2,0.5000,50,8,17,AStar_h1,1,0.00015884500317042693,39,17,5,0.780000,0.435897,0.00000407,1.000000,0.000000,4,5312,N/A,N/A,N/A,N/A,N/A,N/A
24,10,2,0.5000,50,8,17,AStar_h2,1,0.00023280799723579548,29,17,5,0.580000,0.586207,0.00000803,1.000000,0.000000,4,5352,N/A,N/A,N/A,N/A,N/A,N/A
24,10,2,0.5000,50,8,17,MDP_VI,1,0.10690561999945203,50,17,5,1.000000,0.340000,0.00213811,1.000000,0.000000,50,12344,56,0.10681770,0.00004431,85.0000,72.0117,50
24,10,2,0.5000,50,8,17,MDP_PI,1,0.45617559799939045,50,17,5,1.000000,0.340000,0.00912351,1.000000,0.000000,50,33260,4,0.45611293,0.00003093,85.0000,72.0117,50
25,10,2,0.5000,50,9,18,DFS,1,0.00011793399971793406,22,18,7,0.440000,0.818182,0.00000536,1.000000,0.000000,3,3168,N/A,N/A,N/A,N/A,N/A,N/A
25,10,2,0.5000,50,9,18,BFS,1,0.00020925999706378207,46,18,7,0.920000,0.391304,0.00000455,1.000000,0.000000,6,3992,N/A,N/A,N/A,N/A,N/A,N/A
25,10,2,0.5000,50,9,18,AStar_h1,1,0.00017450499944970943,39,18,7,0.780000,0.461538,0.00000447,1.000000,0.000000,5,5312,N/A,N/A,N/A,N/A,N/A,N/A
25,10,2,0.5000,50,9,18,AStar_h2,1,0.00026161700225202367,34,18,7,0.680000,0.529412,0.00000769,1.000000,0.000000,4,5416,N/A,N/A,N/A,N/A,N/A,N/A
25,10,2,0.5000,50,9,18,MDP_VI,1,0.15595535899774404,50,18,7,1.000000,0.360000,0.00311911,1.000000,0.000000,50,13056,77,0.15586172,0.00004871,84.0000,70.2916,50
25,10,2,0.5000,50,9,18,MDP_PI,1,0.8647295690025203,50,18,7,1.000000,0.360000,0.01729459,1.000000,0.000000,50,33060,4,0.86463759,0.00003823,84.0000,70.2916,50
26,10,3,0.4900,51,7,24,DFS,1,0.00018180500046582893,43,32,8,0.843137,0.744186,0.00000423,0.750000,0.333333,4,3696,N/A,N/A,N/A,N/A,N/A,N/A
26,10,3,0.4900,51,7,24,BFS,1,0.00018098500004271045,36,24,6,0.705882,0.666667,0.00000503,1.000000,0.000000,3,3992,N/A,N/A,N/A,N/A,N/A,N/A
26,10,3,0.4900,51,7,24,AStar_h1,1,0.00017112000205088407,35,24,6,0.686275,0.685714,0.00000489,1.000000,0.000000,3,5312,N/A,N/A,N/A,N/A,N/A,N/A
26,10,3,0.4900,51,7,24,AStar_h2,1,0.0002634619995660614,33,24,6,0.647059,0.727273,0.00000798,1.000000,0.000000,4,5352,N/A,N/A,N/A,N/A,N/A,N/A
26,10,3,0.4900,51,7,24,MDP_VI,1,0.13628917900132365,51,24,6,1.000000,0.470588,0.00267234,1.000000,0.000000,51,12848,69,0.13618035,0.00006352,78.0000,60.3261,51
26,10,3,0.4900,51,7,24,MDP_PI,1,0.6572629280017281,51,24,6,1.000000,0.470588,0.01288751,1.000000,0.000000,51,12928,3,0.65716153,0.00005595,78.0000,60.3261,51
27,10,3,0.4900,51,6,9,DFS,1,0.000119727999845054,25,9,2,0.490196,0.360000,0.00000479,1.000000,0.000000,5,3104,N/A,N/A,N/A,N/A,N/A,N/A
27,10,3,0.4900,51,6,9,BFS,1,0.00015751899991300888,32,9,2,0.627451,0.281250,0.00000492,1.000000,0.000000,5,3960,N/A,N/A,N/A,N/A,N/A,N/A
27,10,3,0.4900,51,6,9,AStar_h1,1,9.031700028572232e-05,16,9,2,0.313725,0.562500,0.00000564,1.000000,0.000000,6,2360,N/A,N/A,N/A,N/A,N/A,N/A
27,10,3,0.4900,51,6,9,AStar_h2,1,0.00015343400082201697,16,9,2,0.313725,0.562500,0.00000959,1.000000,0.000000,6,2648,N/A,N/A,N/A,N/A,N/A,N/A
27,10,3,0.4900,51,6,9,MDP_VI,1,0.10481537099985871,51,9,2,1.000000,0.176471,0.00205520,1.000000,0.000000,51,12336,53,0.10474339,0.00003115,93.0000,86.4131,51
27,10,3,0.4900,51,6,9,MDP_PI,1,0.7888028630004555,51,9,2,1.000000,0.176471,0.01546672,1.000000,0.000000,51,33324,4,0.78871124,0.00003077,93.0000,86.4131,51
28,10,3,0.4900,51,7,8,DFS,1,0.00010824900164152496,20,8,1,0.392157,0.400000,0.00000541,1.000000,0.000000,3,3064,N/A,N/A,N/A,N/A,N/A,N/A
28,10,3,0.4900,51,7,8,BFS,1,0.0001109690019802656,19,8,1,0.372549,0.421053,0.00000584,1.000000,0.000000,4,4024,N/A,N/A,N/A,N/A,N/A,N/A
28,10,3,0.4900,51,7,8,AStar_h1,1,8.076100129983388e-05,9,8,1,0.176471,0.888889,0.00000897,1.000000,0.000000,3,1608,N/A,N/A,N/A,N/A,N/A,N/A
28,10,3,0.4900,51,7,8,AStar_h2,1,0.00015515400082222186,9,8,1,0.176471,0.888889,0.00001724,1.000000,0.000000,3,1992,N/A,N/A,N/A,N/A,N/A,N/A
28,10,3,0.4900,51,7,8,MDP_VI,1,0.0988456760023837,51,8,1,1.000000,0.156863,0.00193815,1.000000,0.000000,51,30246,49,0.09874421,0.00002964,94.0000,88.2960,51
28,10,3,0.4900,51,7,8,MDP_PI,1,0.281641473997297,51,8,1,1.000000,0.156863,0.00552238,1.000000,0.000000,51,12696,2,0.28157696,0.00002454,94.0000,88.2960,51
29,10,3,0.4900,51,5,10,DFS,1,8.898899977793917e-05,11,10,2,0.215686,0.909091,0.00000809,1.000000,0.000000,2,1368,N/A,N/A,N/A,N/A,N/A,N/A
29,10,3,0.4900,51,5,10,BFS,1,6.751200271537527e-05,11,10,2,0.215686,0.909091,0.00000614,1.000000,0.000000,2,1824,N/A,N/A,N/A,N/A,N/A,N/A
29,10,3,0.4900,51,5,10,AStar_h1,1,8.56890001159627e-05,11,10,2,0.215686,0.909091,0.00000779,1.000000,0.000000,2,2328,N/A,N/A,N/A,N/A,N/A,N/A
29,10,3,0.4900,51,5,10,AStar_h2,1,0.00021321899839676917,11,10,2,0.215686,0.909091,0.00001938,1.000000,0.000000,2,2584,N/A,N/A,N/A,N/A,N/A,N/A
29,10,3,0.4900,51,5,10,MDP_VI,1,0.10018100099841831,51,10,2,1.000000,0.196078,0.00196433,1.000000,0.000000,51,12176,52,0.10010670,0.00003099,92.0000,84.5489,51
29,10,3,0.4900,51,5,10,MDP_PI,1,0.7101320059991849,51,10,2,1.000000,0.196078,0.01392416,1.000000,0.000000,51,33372,7,0.71006876,0.00002471,92.0000,84.5489,51
30,10,3,0.4900,51,6,25,DFS,1,0.0001494169991929084,31,25,9,0.607843,0.806452,0.00000482,1.000000,0.000000,3,3224,N/A,N/A,N/A,N/A,N/A,N/A
30,10,3,0.4900,51,6,25,BFS,1,0.00016801200035843067,32,25,7,0.627451,0.781250,0.00000525,1.000000,0.000000,3,3904,N/A,N/A,N/A,N/A,N/A,N/A
30,10,3,0.4900,51,6,25,AStar_h1,1,0.0001673260012466926,31,25,9,0.607843,0.806452,0.00000540,1.000000,0.000000,2,5280,N/A,N/A,N/A,N/A,N/A,N/A
30,10,3,0.4900,51,6,25,AStar_h2,1,0.000267142997472547,32,25,9,0.627451,0.781250,0.00000835,1.000000,0.000000,3,5352,N/A,N/A,N/A,N/A,N/A,N/A
30,10,3,0.4900,51,6,25,MDP_VI,1,0.1309424949977256,51,25,7,1.000000,0.490196,0.00256750,1.000000,0.000000,51,12608,63,0.13086315,0.00004835,77.0000,58.7229,51
30,10,3,0.4900,51,6,25,MDP_PI,1,0.6617268469999544,51,25,7,1.000000,0.490196,0.01297504,1.000000,0.000000,51,13104,5,0.66164020,0.00004747,77.0000,58.7229,51
31,10,4,0.4800,52,9,10,DFS,1,6.30329996056389e-05,12,10,2,0.230769,0.833333,0.00000525,1.000000,0.000000,4,1176,N/A,N/A,N/A,N/A,N/A,N/A
31,10,4,0.4800,52,9,10,BFS,1,0.0001703870002529584,40,10,2,0.769231,0.250000,0.00000426,1.000000,0.000000,6,4008,N/A,N/A,N/A,N/A,N/A,N/A
31,10,4,0.4800,52,9,10,AStar_h1,1,8.393700045417063e-05,14,10,2,0.269231,0.714286,0.00000600,1.000000,0.000000,4,2360,N/A,N/A,N/A,N/A,N/A,N/A
31,10,4,0.4800,52,9,10,AStar_h2,1,0.00014040099995327182,12,10,2,0.230769,0.833333,0.00001170,1.000000,0.000000,4,2616,N/A,N/A,N/A,N/A,N/A,N/A
31,10,4,0.4800,52,9,10,MDP_VI,1,0.11891366399868275,52,10,2,1.000000,0.192308,0.00228680,1.000000,0.000000,52,12560,59,0.11883907,0.00003169,92.0000,84.5489,52
31,10,4,0.4800,52,9,10,MDP_PI,1,0.7551153310014342,52,10,2,1.000000,0.192308,0.01452145,1.000000,0.000000,52,32876,6,0.75503122,0.00003284,92.0000,84.5489,52
32,10,4,0.4800,52,5,6,DFS,1,0.0001949659999809228,46,14,4,0.884615,0.304348,0.00000424,0.428571,1.333333,6,3688,N/A,N/A,N/A,N/A,N/A,N/A
32,10,4,0.4800,52,5,6,BFS,1,0.00010723599916673265,22,6,2,0.423077,0.272727,0.00000487,1.000000,0.000000,6,4024,N/A,N/A,N/A,N/A,N/A,N/A
32,10,4,0.4800,52,5,6,AStar_h1,1,6.703499821014702e-05,10,6,2,0.192308,0.600000,0.00000670,1.000000,0.000000,5,2080,N/A,N/A,N/A,N/A,N/A,N/A
32,10,4,0.4800,52,5,6,AStar_h2,1,0.00010185499922954477,9,6,2,0.173077,0.666667,0.00001132,1.000000,0.000000,5,1992,N/A,N/A,N/A,N/A,N/A,N/A
32,10,4,0.4800,52,5,6,MDP_VI,1,0.08703494499786757,52,6,2,1.000000,0.115385,0.00167375,1.000000,0.000000,52,11936,44,0.08698385,0.00002290,96.0000,92.1192,52
32,10,4,0.4800,52,5,6,MDP_PI,1,0.4090668219978397,52,6,2,1.000000,0.115385,0.00786667,1.000000,0.000000,52,10013025,4,0.40900441,0.00002342,96.0000,92.1192,52
33,10,4,0.4800,52,6,19,DFS,1,0.00015039699792396277,31,27,4,0.596154,0.870968,0.00000485,0.703704,0.421053,6,3704,N/A,N/A,N/A,N/A,N/A,N/A
33,10,4,0.4800,52,6,19,BFS,1,0.0002200679991801735,51,19,6,0.980769,0.372549,0.00000432,1.000000,0.000000,5,4024,N/A,N/A,N/A,N/A,N/A,N/A
33,10,4,0.4800,52,6,19,AStar_h1,1,0.000205976000870578,46,19,4,0.884615,0.413043,0.00000448,1.000000,0.000000,6,8296,N/A,N/A,N/A,N/A,N/A,N/A
33,10,4,0.4800,52,6,19,AStar_h2,1,0.0003309029998490587,45,19,4,0.865385,0.422222,0.00000735,1.000000,0.000000,6,8296,N/A,N/A,N/A,N/A,N/A,N/A
33,10,4,0.4800,52,6,19,MDP_VI,1,0.12935735399878467,52,19,4,1.000000,0.365385,0.00248764,1.000000,0.000000,52,12624,63,0.12927408,0.00004471,83.0000,68.5886,52
33,10,4,0.4800,52,6,19,MDP_PI,1,0.6447415630027535,52,19,4,1.000000,0.365385,0.01239888,1.000000,0.000000,52,13152,5,0.64467694,0.00003716,83.0000,68.5886,52
34,10,4,0.4800,52,11,12,DFS,1,0.00031865599885350093,50,28,10,0.961538,0.560000,0.00000637,0.428571,1.333333,6,3920,N/A,N/A,N/A,N/A,N/A,N/A
34,10,4,0.4800,52,11,12,BFS,1,0.00015134900240809657,34,12,2,0.653846,0.352941,0.00000445,1.000000,0.000000,8,4144,N/A,N/A,N/A,N/A,N/A,N/A
34,10,4,0.4800,52,11,12,AStar_h1,1,0.00011243500193813816,21,12,2,0.403846,0.571429,0.00000535,1.000000,0.000000,7,3272,N/A,N/A,N/A,N/A,N/A,N/A
34,10,4,0.4800,52,11,12,AStar_h2,1,0.0001529059991298709,16,12,2,0.307692,0.750000,0.00000956,1.000000,0.000000,6,2648,N/A,N/A,N/A,N/A,N/A,N/A
34,10,4,0.4800,52,11,12,MDP_VI,1,0.11717543800114072,52,12,2,1.000000,0.230769,0.00225337,1.000000,0.000000,52,12512,59,0.11709687,0.00003881,90.0000,80.8764,52
34,10,4,0.4800,52,11,12,MDP_PI,1,0.4490966270022909,52,12,2,1.000000,0.230769,0.00863647,1.000000,0.000000,52,32724,3,0.44902393,0.00003060,90.0000,80.8764,52
35,10,4,0.4800,52,9,12,DFS,1,8.11139980214648e-05,15,12,2,0.288462,0.800000,0.00000541,1.000000,0.000000,4,1320,N/A,N/A,N/A,N/A,N/A,N/A
35,10,4,0.4800,52,9,12,BFS,1,0.0001964450020750519,41,12,2,0.788462,0.292683,0.00000479,1.000000,0.000000,7,4296,N/A,N/A,N/A,N/A,N/A,N/A
35,10,4,0.4800,52,9,12,AStar_h1,1,9.76999981503468e-05,18,12,2,0.346154,0.666667,0.00000543,1.000000,0.000000,4,2360,N/A,N/A,N/A,N/A,N/A,N/A
35,10,4,0.4800,52,9,12,AStar_h2,1,0.00015290600276784971,16,12,2,0.307692,0.750000,0.00000956,1.000000,0.000000,4,2616,N/A,N/A,N/A,N/A,N/A,N/A
35,10,4,0.4800,52,9,12,MDP_VI,1,0.08721973100182367,52,12,2,1.000000,0.230769,0.00167730,1.000000,0.000000,52,12120,42,0.08714050,0.00003685,90.0000,80.8764,52
35,10,4,0.4800,52,9,12,MDP_PI,1,0.7578649119968759,52,12,2,1.000000,0.230769,0.01457433,1.000000,0.000000,52,34164,4,0.75777672,0.00003116,90.0000,80.8764,52
36,15,1,0.5689,97,6,7,DFS,1,0.00033737000194378197,71,7,2,0.731959,0.098592,0.00000475,1.000000,0.000000,3,3984,N/A,N/A,N/A,N/A,N/A,N/A
36,15,1,0.5689,97,6,7,BFS,1,7.579099838039838e-05,13,7,2,0.134021,0.538462,0.00000583,1.000000,0.000000,3,1888,N/A,N/A,N/A,N/A,N/A,N/A
36,15,1,0.5689,97,6,7,AStar_h1,1,6.128099994384684e-05,7,7,2,0.072165,1.000000,0.00000875,1.000000,0.000000,2,1608,N/A,N/A,N/A,N/A,N/A,N/A
36,15,1,0.5689,97,6,7,AStar_h2,1,0.00010209299944108352,7,7,2,0.072165,1.000000,0.00001458,1.000000,0.000000,2,1992,N/A,N/A,N/A,N/A,N/A,N/A
36,15,1,0.5689,97,6,7,MDP_VI,1,0.4426214710001659,97,7,2,1.000000,0.072165,0.00456311,1.000000,0.000000,97,31200,109,0.44256316,0.00002404,95.0000,90.1980,97
36,15,1,0.5689,97,6,7,MDP_PI,1,1.9513226020026195,97,7,2,1.000000,0.072165,0.02011673,1.000000,0.000000,97,60316,5,1.95117149,0.00003736,95.0000,90.1980,97
37,15,1,0.5689,97,14,17,DFS,1,0.0002117750009347219,36,17,3,0.371134,0.472222,0.00000588,1.000000,0.000000,3,3520,N/A,N/A,N/A,N/A,N/A,N/A
37,15,1,0.5689,97,14,17,BFS,1,0.00023971800328581594,48,17,3,0.494845,0.354167,0.00000499,1.000000,0.000000,4,4192,N/A,N/A,N/A,N/A,N/A,N/A
37,15,1,0.5689,97,14,17,AStar_h1,1,0.0001630829974601511,36,17,3,0.371134,0.472222,0.00000453,1.000000,0.000000,5,5312,N/A,N/A,N/A,N/A,N/A,N/A
37,15,1,0.5689,97,14,17,AStar_h2,1,0.00028047799787600525,33,17,3,0.340206,0.515152,0.00000850,1.000000,0.000000,3,5352,N/A,N/A,N/A,N/A,N/A,N/A
37,15,1,0.5689,97,14,17,MDP_VI,1,0.3300989440031117,97,17,3,1.000000,0.175258,0.00340308,1.000000,0.000000,97,30320,80,0.33000160,0.00004753,85.0000,72.0117,97
37,15,1,0.5689,97,14,17,MDP_PI,1,1.6689957349990436,97,17,3,1.000000,0.175258,0.01720614,1.000000,0.000000,97,55660,4,1.66888884,0.00004080,85.0000,72.0117,97
38,15,1,0.5689,97,8,13,DFS,1,0.0003798440011451021,76,13,2,0.783505,0.171053,0.00000500,1.000000,0.000000,4,11208,N/A,N/A,N/A,N/A,N/A,N/A
38,15,1,0.5689,97,8,13,BFS,1,0.00015031500151962973,26,13,2,0.268041,0.500000,0.00000578,1.000000,0.000000,3,3928,N/A,N/A,N/A,N/A,N/A,N/A
38,15,1,0.5689,97,8,13,AStar_h1,1,0.00010910800119745545,20,13,2,0.206186,0.650000,0.00000546,1.000000,0.000000,3,4136,N/A,N/A,N/A,N/A,N/A,N/A
38,15,1,0.5689,97,8,13,AStar_h2,1,0.00021289000142132863,15,13,2,0.154639,0.866667,0.00001419,1.000000,0.000000,3,2616,N/A,N/A,N/A,N/A,N/A,N/A
38,15,1,0.5689,97,8,13,MDP_VI,1,0.33462730500104954,97,13,2,1.000000,0.134021,0.00344977,1.000000,0.000000,97,30624,82,0.33453320,0.00004505,89.0000,79.0677,97
38,15,1,0.5689,97,8,13,MDP_PI,1,1.4602097910028533,97,13,2,1.000000,0.134021,0.01505371,1.000000,0.000000,97,52396,3,1.46011154,0.00004267,89.0000,79.0677,97
39,15,1,0.5689,97,14,27,DFS,1,0.0003501209976093378,37,27,10,0.381443,0.729730,0.00000946,1.000000,0.000000,3,3184,N/A,N/A,N/A,N/A,N/A,N/A
39,15,1,0.5689,97,14,27,BFS,1,0.0002677449992916081,64,27,10,0.659794,0.421875,0.00000418,1.000000,0.000000,4,5000,N/A,N/A,N/A,N/A,N/A,N/A
39,15,1,0.5689,97,14,27,AStar_h1,1,0.00023322199922404252,54,27,10,0.556701,0.500000,0.00000432,1.000000,0.000000,4,8264,N/A,N/A,N/A,N/A,N/A,N/A
39,15,1,0.5689,97,14,27,AStar_h2,1,0.00032188399927690625,38,27,10,0.391753,0.710526,0.00000847,1.000000,0.000000,4,5416,N/A,N/A,N/A,N/A,N/A,N/A
39,15,1,0.5689,97,14,27,MDP_VI,1,0.4016570400017372,97,27,10,1.000000,0.278351,0.00414079,1.000000,0.000000,97,30928,99,0.40153761,0.00007269,75.0000,55.5643,97
39,15,1,0.5689,97,14,27,MDP_PI,1,1.993803035999008,97,27,10,1.000000,0.278351,0.02055467,1.000000,0.000000,97,54964,5,1.99367650,0.00006251,75.0000,55.5643,97
40,15,1,0.5689,97,8,9,DFS,1,6.944800043129362e-05,10,9,0,0.103093,0.900000,0.00000694,1.000000,0.000000,3,1144,N/A,N/A,N/A,N/A,N/A,N/A
40,15,1,0.5689,97,8,9,BFS,1,0.00010904000009759329,22,9,0,0.226804,0.409091,0.00000496,1.000000,0.000000,3,3968,N/A,N/A,N/A,N/A,N/A,N/A
40,15,1,0.5689,97,8,9,AStar_h1,1,7.199099854915403e-05,10,9,0,0.103093,0.900000,0.00000720,1.000000,0.000000,3,2080,N/A,N/A,N/A,N/A,N/A,N/A
40,15,1,0.5689,97,8,9,AStar_h2,1,0.00011186199844814837,10,9,0,0.103093,0.900000,0.00001119,1.000000,0.000000,3,2336,N/A,N/A,N/A,N/A,N/A,N/A
40,15,1,0.5689,97,8,9,MDP_VI,1,0.4172870239999611,97,9,0,1.000000,0.092784,0.00430193,1.000000,0.000000,97,31136,102,0.41721092,0.00003240,93.0000,86.4131,97
40,15,1,0.5689,97,8,9,MDP_PI,1,1.4063442539991229,97,9,0,1.000000,0.092784,0.01449839,1.000000,0.000000,97,55508,3,1.40625217,0.00003302,93.0000,86.4131,97
41,15,2,0.5644,98,11,48,DFS,1,0.0004590290009218734,96,48,18,0.979592,0.500000,0.00000478,1.000000,0.000000,4,12344,N/A,N/A,N/A,N/A,N/A,N/A
41,15,2,0.5644,98,11,48,BFS,1,0.0003028940009244252,72,48,18,0.734694,0.666667,0.00000421,1.000000,0.000000,3,4832,N/A,N/A,N/A,N/A,N/A,N/A
41,15,2,0.5644,98,11,48,AStar_h1,1,0.0002883160013880115,70,48,18,0.714286,0.685714,0.00000412,1.000000,0.000000,3,8264,N/A,N/A,N/A,N/A,N/A,N/A
41,15,2,0.5644,98,11,48,AStar_h2,1,0.000507467000716133,68,48,18,0.693878,0.705882,0.00000746,1.000000,0.000000,3,8264,N/A,N/A,N/A,N/A,N/A,N/A
41,15,2,0.5644,98,11,48,MDP_VI,1,0.45210862300154986,98,48,18,1.000000,0.489796,0.00461335,1.000000,0.000000,98,31544,110,0.45193686,0.00010935,54.0000,25.9647,98
41,15,2,0.5644,98,11,48,MDP_PI,1,2.0378828369975963,98,48,18,1.000000,0.489796,0.02079472,1.000000,0.000000,98,55372,4,2.03771533,0.00009336,54.0000,25.9647,98
42,15,2,0.5644,98,21,32,DFS,1,0.00023813400184735656,49,32,9,0.500000,0.653061,0.00000486,1.000000,0.000000,2,3624,N/A,N/A,N/A,N/A,N/A,N/A
42,15,2,0.5644,98,21,32,BFS,1,0.00021986700085108168,40,32,9,0.408163,0.800000,0.00000550,1.000000,0.000000,2,4160,N/A,N/A,N/A,N/A,N/A,N/A
42,15,2,0.5644,98,21,32,AStar_h1,1,0.00018697999985306524,34,32,9,0.346939,0.941176,0.00000550,1.000000,0.000000,2,5280,N/A,N/A,N/A,N/A,N/A,N/A
42,15,2,0.5644,98,21,32,AStar_h2,1,0.0006025359980412759,34,32,9,0.346939,0.941176,0.00001772,1.000000,0.000000,3,5416,N/A,N/A,N/A,N/A,N/A,N/A
42,15,2,0.5644,98,21,32,MDP_VI,1,0.3576387489993067,98,32,9,1.000000,0.326531,0.00364937,1.000000,0.000000,98,30368,83,0.35753760,0.00006302,70.0000,47.9401,98
42,15,2,0.5644,98,21,32,MDP_PI,1,1.2969526010019763,98,32,9,1.000000,0.326531,0.01323421,1.000000,0.000000,98,55804,4,1.29683485,0.00006521,70.0000,47.9401,98
43,15,2,0.5644,98,9,16,DFS,1,0.0003827820000879001,88,16,6,0.897959,0.181818,0.00000435,1.000000,0.000000,5,11144,N/A,N/A,N/A,N/A,N/A,N/A
43,15,2,0.5644,98,9,16,BFS,1,0.00021356299839681014,51,16,6,0.520408,0.313725,0.00000419,1.000000,0.000000,5,4240,N/A,N/A,N/A,N/A,N/A,N/A
43,15,2,0.5644,98,9,16,AStar_h1,1,0.00013658299940288998,22,16,6,0.224490,0.727273,0.00000621,1.000000,0.000000,3,5312,N/A,N/A,N/A,N/A,N/A,N/A
43,15,2,0.5644,98,9,16,AStar_h2,1,0.00017441000090911984,19,16,6,0.193878,0.842105,0.00000918,1.000000,0.000000,3,2680,N/A,N/A,N/A,N/A,N/A,N/A
43,15,2,0.5644,98,9,16,MDP_VI,1,0.5146244179995847,98,16,6,1.000000,0.163265,0.00525127,1.000000,0.000000,98,31472,112,0.51455390,0.00003427,86.0000,73.7492,98
43,15,2,0.5644,98,9,16,MDP_PI,1,2.5590843530007987,98,16,6,1.000000,0.163265,0.02611311,1.000000,0.000000,98,55220,6,2.55894634,0.00005096,86.0000,73.7492,98
44,15,2,0.5644,98,9,38,DFS,1,0.00017484300042269751,39,38,7,0.397959,0.974359,0.00000448,1.000000,0.000000,3,3360,N/A,N/A,N/A,N/A,N/A,N/A
44,15,2,0.5644,98,9,38,BFS,1,0.00033170700044138357,81,38,7,0.826531,0.469136,0.00000410,1.000000,0.000000,5,12944,N/A,N/A,N/A,N/A,N/A,N/A
44,15,2,0.5644,98,9,38,AStar_h1,1,0.0003177600010531023,75,38,7,0.765306,0.506667,0.00000424,1.000000,0.000000,4,8264,N/A,N/A,N/A,N/A,N/A,N/A
44,15,2,0.5644,98,9,38,AStar_h2,1,0.0004083089988853317,50,38,7,0.510204,0.760000,0.00000817,1.000000,0.000000,3,8264,N/A,N/A,N/A,N/A,N/A,N/A
44,15,2,0.5644,98,9,38,MDP_VI,1,0.5848955209985434,98,38,7,1.000000,0.387755,0.00596832,1.000000,0.000000,98,48941,131,0.58477102,0.00007505,64.0000,39.2826,98
44,15,2,0.5644,98,9,38,MDP_PI,1,2.2025123210005404,98,38,7,1.000000,0.387755,0.02247462,1.000000,0.000000,98,55580,5,2.20234686,0.00008231,64.0000,39.2826,98
45,15,2,0.5644,98,15,20,DFS,1,0.00028488099997048266,62,20,5,0.632653,0.322581,0.00000459,1.000000,0.000000,6,3752,N/A,N/A,N/A,N/A,N/A,N/A
45,15,2,0.5644,98,15,20,BFS,1,0.00025633900077082217,63,20,5,0.642857,0.317460,0.00000407,1.000000,0.000000,6,5080,N/A,N/A,N/A,N/A,N/A,N/A
45,15,2,0.5644,98,15,20,AStar_h1,1,0.00015984399942681193,35,20,5,0.357143,0.571429,0.00000457,1.000000,0.000000,3,5312,N/A,N/A,N/A,N/A,N/A,N/A
45,15,2,0.5644,98,15,20,AStar_h2,1,0.00019708100080606528,22,20,5,0.224490,0.909091,0.00000896,1.000000,0.000000,3,5312,N/A,N/A,N/A,N/A,N/A,N/A
45,15,2,0.5644,98,15,20,MDP_VI,1,0.37664252999820746,98,20,5,1.000000,0.204082,0.00384329,1.000000,0.000000,98,30824,91,0.37654247,0.00005517,82.0000,66.9028,98
45,15,2,0.5644,98,15,20,MDP_PI,1,1.567030922997219,98,20,5,1.000000,0.204082,0.01599011,1.000000,0.000000,98,55084,6,1.56690320,0.00005720,82.0000,66.9028,98
46,15,4,0.5556,100,15,28,DFS,1,0.0004163589983363636,98,42,11,0.980000,0.428571,0.00000425,0.666667,0.500000,5,11840,N/A,N/A,N/A,N/A,N/A,N/A
46,15,4,0.5556,100,15,28,BFS,1,0.000266562001343118,66,28,5,0.660000,0.424242,0.00000404,1.000000,0.000000,5,5552,N/A,N/A,N/A,N/A,N/A,N/A
46,15,4,0.5556,100,15,28,AStar_h1,1,0.00022988999990047887,52,28,5,0.520000,0.538462,0.00000442,1.000000,0.000000,5,8264,N/A,N/A,N/A,N/A,N/A,N/A
46,15,4,0.5556,100,15,28,AStar_h2,1,0.00030661699929623865,32,28,5,0.320000,0.875000,0.00000958,1.000000,0.000000,5,5352,N/A,N/A,N/A,N/A,N/A,N/A
46,15,4,0.5556,100,15,28,MDP_VI,1,0.3493597310007317,100,28,5,1.000000,0.280000,0.00349360,1.000000,0.000000,100,30776,83,0.34924129,0.00006724,74.0000,54.0086,100
46,15,4,0.5556,100,15,28,MDP_PI,1,1.3909748920013953,100,28,5,1.000000,0.280000,0.01390975,1.000000,0.000000,100,55252,4,1.39086134,0.00005503,74.0000,54.0086,100
47,15,4,0.5556,100,13,28,DFS,1,0.0001442969987692777,33,28,8,0.330000,0.848485,0.00000437,1.000000,0.000000,7,3936,N/A,N/A,N/A,N/A,N/A,N/A
47,15,4,0.5556,100,13,28,BFS,1,0.0003237040000385605,77,28,8,0.770000,0.363636,0.00000420,1.000000,0.000000,6,13296,N/A,N/A,N/A,N/A,N/A,N/A
47,15,4,0.5556,100,13,28,AStar_h1,1,0.00017129600018961355,37,28,8,0.370000,0.756757,0.00000463,1.000000,0.000000,6,5312,N/A,N/A,N/A,N/A,N/A,N/A
47,15,4,0.5556,100,13,28,AStar_h2,1,0.00028292799834161997,35,28,8,0.350000,0.800000,0.00000808,1.000000,0.000000,6,5448,N/A,N/A,N/A,N/A,N/A,N/A
47,15,4,0.5556,100,13,28,MDP_VI,1,0.2819702060005511,100,28,8,1.000000,0.280000,0.00281970,1.000000,0.000000,100,43232,67,0.28183881,0.00006237,74.0000,54.0086,100
47,15,4,0.5556,100,13,28,MDP_PI,1,1.6799198939988855,100,28,8,1.000000,0.280000,0.01679920,1.000000,0.000000,100,53036,7,1.67982715,0.00005465,74.0000,54.0086,100
48,15,4,0.5556,100,9,16,DFS,1,0.00025147800261038356,49,16,4,0.490000,0.326531,0.00000513,1.000000,0.000000,4,3384,N/A,N/A,N/A,N/A,N/A,N/A
48,15,4,0.5556,100,9,16,BFS,1,0.0002677650008990895,61,16,4,0.610000,0.262295,0.00000439,1.000000,0.000000,7,4376,N/A,N/A,N/A,N/A,N/A,N/A
48,15,4,0.5556,100,9,16,AStar_h1,1,0.0001476520010328386,29,16,4,0.290000,0.551724,0.00000509,1.000000,0.000000,5,5312,N/A,N/A,N/A,N/A,N/A,N/A
48,15,4,0.5556,100,9,16,AStar_h2,1,0.00021971000023768283,26,16,4,0.260000,0.615385,0.00000845,1.000000,0.000000,5,5384,N/A,N/A,N/A,N/A,N/A,N/A
48,15,4,0.5556,100,9,16,MDP_VI,1,0.3071348859994032,100,16,4,1.000000,0.160000,0.00307135,1.000000,0.000000,100,49748,72,0.30704616,0.00004047,86.0000,73.7492,100
48,15,4,0.5556,100,9,16,MDP_PI,1,1.4976002349976625,100,16,4,1.000000,0.160000,0.01497600,1.000000,0.000000,100,53532,5,1.49752429,0.00003634,86.0000,73.7492,100
49,15,4,0.5556,100,14,31,DFS,1,0.0004133420006837696,51,33,11,0.510000,0.647059,0.00000810,0.939394,0.064516,4,3560,N/A,N/A,N/A,N/A,N/A,N/A
49,15,4,0.5556,100,14,31,BFS,1,0.0003533140006766189,86,31,5,0.860000,0.360465,0.00000411,1.000000,0.000000,6,12952,N/A,N/A,N/A,N/A,N/A,N/A
49,15,4,0.5556,100,14,31,AStar_h1,1,0.0003384279989404604,83,31,5,0.830000,0.373494,0.00000408,1.000000,0.000000,7,15624,N/A,N/A,N/A,N/A,N/A,N/A
49,15,4,0.5556,100,14,31,AStar_h2,1,0.0003662710005301051,46,33,11,0.460000,0.717391,0.00000796,0.939394,0.064516,6,8296,N/A,N/A,N/A,N/A,N/A,N/A
49,15,4,0.5556,100,14,31,MDP_VI,1,0.3254710939982033,100,31,5,1.000000,0.310000,0.00325471,1.000000,0.000000,100,30288,76,0.32535960,0.00006856,71.0000,49.4344,100
49,15,4,0.5556,100,14,31,MDP_PI,1,1.55821528800152,100,31,5,1.000000,0.310000,0.01558215,1.000000,0.000000,100,55201,5,1.55811133,0.00005993,71.0000,49.4344,100
50,15,4,0.5556,100,13,42,DFS,1,0.0002945419983007014,52,42,13,0.520000,0.807692,0.00000566,1.000000,0.000000,5,4040,N/A,N/A,N/A,N/A,N/A,N/A
50,15,4,0.5556,100,13,42,BFS,1,0.0003197250007360708,69,42,13,0.690000,0.608696,0.00000463,1.000000,0.000000,5,4680,N/A,N/A,N/A,N/A,N/A,N/A
50,15,4,0.5556,100,13,42,AStar_h1,1,0.0003163820001645945,68,42,13,0.680000,0.617647,0.00000465,1.000000,0.000000,5,8264,N/A,N/A,N/A,N/A,N/A,N/A
50,15,4,0.5556,100,13,42,AStar_h2,1,0.0006493249966297299,64,42,13,0.640000,0.656250,0.00001015,1.000000,0.000000,4,8264,N/A,N/A,N/A,N/A,N/A,N/A
50,15,4,0.5556,100,13,42,MDP_VI,1,0.45839000799969654,100,42,13,1.000000,0.420000,0.00458390,1.000000,0.000000,100,31480,104,0.45824660,0.00009011,60.0000,33.7944,100
50,15,4,0.5556,100,13,42,MDP_PI,1,1.4142432549997466,100,42,13,1.000000,0.420000,0.01414243,1.000000,0.000000,100,55948,4,1.41411004,0.00007243,60.0000,33.7944,100
51,15,8,0.5378,104,11,16,DFS,1,0.0001710619981167838,39,26,8,0.375000,0.666667,0.00000439,0.615385,0.625000,6,3624,N/A,N/A,N/A,N/A,N/A,N/A
51,15,8,0.5378,104,11,16,BFS,1,0.0002123079975717701,51,16,4,0.490385,0.313725,0.00000416,1.000000,0.000000,5,4272,N/A,N/A,N/A,N/A,N/A,N/A
51,15,8,0.5378,104,11,16,AStar_h1,1,0.00016401199900428765,36,16,4,0.346154,0.444444,0.00000456,1.000000,0.000000,5,5312,N/A,N/A,N/A,N/A,N/A,N/A
51,15,8,0.5378,104,11,16,AStar_h2,1,0.00020410300203366205,24,16,4,0.230769,0.666667,0.00000850,1.000000,0.000000,6,5320,N/A,N/A,N/A,N/A,N/A,N/A
51,15,8,0.5378,104,11,16,MDP_VI,1,0.2503381829992577,104,16,4,1.000000,0.153846,0.00240710,1.000000,0.000000,104,29808,54,0.25026270,0.00003833,86.0000,73.7492,104
51,15,8,0.5378,104,11,16,MDP_PI,1,1.6756061609994504,104,16,4,1.000000,0.153846,0.01611160,1.000000,0.000000,104,53660,5,1.67550256,0.00004581,86.0000,73.7492,104
52,15,8,0.5378,104,9,44,DFS,1,0.0004794349988515023,82,52,14,0.788462,0.634146,0.00000585,0.846154,0.181818,7,12552,N/A,N/A,N/A,N/A,N/A,N/A
52,15,8,0.5378,104,9,44,BFS,1,0.00042418299926794134,98,44,12,0.942308,0.448980,0.00000433,1.000000,0.000000,6,13320,N/A,N/A,N/A,N/A,N/A,N/A
52,15,8,0.5378,104,9,44,AStar_h1,1,0.00036786300188396126,88,44,12,0.846154,0.500000,0.00000418,1.000000,0.000000,5,20704,N/A,N/A,N/A,N/A,N/A,N/A
52,15,8,0.5378,104,9,44,AStar_h2,1,0.0005285759980324656,71,44,12,0.682692,0.619718,0.00000744,1.000000,0.000000,6,8264,N/A,N/A,N/A,N/A,N/A,N/A
52,15,8,0.5378,104,9,44,MDP_VI,1,0.4311353520024568,104,44,12,1.000000,0.423077,0.00414553,1.000000,0.000000,104,48764,93,0.43099253,0.00008726,58.0000,31.1318,104
52,15,8,0.5378,104,9,44,MDP_PI,1,1.4259656640024332,104,44,12,1.000000,0.423077,0.01371121,1.000000,0.000000,104,53140,5,1.42580933,0.00008995,58.0000,31.1318,104
53,15,8,0.5378,104,18,25,DFS,1,0.00032238400308415294,80,57,14,0.769231,0.712500,0.00000403,0.438596,1.280000,10,13296,N/A,N/A,N/A,N/A,N/A,N/A
53,15,8,0.5378,104,18,25,BFS,1,0.00039702900176052935,99,25,6,0.951923,0.252525,0.00000401,1.000000,0.000000,9,13480,N/A,N/A,N/A,N/A,N/A,N/A
53,15,8,0.5378,104,18,25,AStar_h1,1,0.00026767899908008985,53,25,6,0.509615,0.471698,0.00000505,1.000000,0.000000,7,8296,N/A,N/A,N/A,N/A,N/A,N/A
53,15,8,0.5378,104,18,25,AStar_h2,1,0.0002879429994209204,37,27,6,0.355769,0.729730,0.00000778,0.925926,0.080000,7,5512,N/A,N/A,N/A,N/A,N/A,N/A
53,15,8,0.5378,104,18,25,MDP_VI,1,0.27966900700266706,104,25,6,1.000000,0.240385,0.00268913,1.000000,0.000000,104,30384,61,0.27955485,0.00006490,77.0000,58.7229,104
53,15,8,0.5378,104,18,25,MDP_PI,1,1.792401864000567,104,25,6,1.000000,0.240385,0.01723463,1.000000,0.000000,104,55364,7,1.79227273,0.00006090,77.0000,58.7229,104
54,15,8,0.5378,104,7,8,DFS,1,0.00028167100026621483,68,42,11,0.653846,0.617647,0.00000414,0.190476,4.250000,8,4984,N/A,N/A,N/A,N/A,N/A,N/A
54,15,8,0.5378,104,7,8,BFS,1,0.00016648199743940495,34,8,3,0.326923,0.235294,0.00000490,1.000000,0.000000,7,4008,N/A,N/A,N/A,N/A,N/A,N/A
54,15,8,0.5378,104,7,8,AStar_h1,1,8.160599827533588e-05,13,8,2,0.125000,0.615385,0.00000628,1.000000,0.000000,5,2360,N/A,N/A,N/A,N/A,N/A,N/A
54,15,8,0.5378,104,7,8,AStar_h2,1,0.00011500199980218895,10,8,2,0.096154,0.800000,0.00001150,1.000000,0.000000,4,2336,N/A,N/A,N/A,N/A,N/A,N/A
54,15,8,0.5378,104,7,8,MDP_VI,1,0.3091253359998518,104,8,2,1.000000,0.076923,0.00297236,1.000000,0.000000,104,30360,67,0.30903991,0.00003509,94.0000,88.2960,104
54,15,8,0.5378,104,7,8,MDP_PI,1,1.6787812180009496,104,8,2,1.000000,0.076923,0.01614213,1.000000,0.000000,104,54036,5,1.67868950,0.00003021,94.0000,88.2960,104
55,15,8,0.5378,104,10,19,DFS,1,0.00030227100069168955,31,23,9,0.298077,0.741935,0.00000975,0.826087,0.210526,6,3776,N/A,N/A,N/A,N/A,N/A,N/A
55,15,8,0.5378,104,10,19,BFS,1,0.00040933399941422977,98,19,7,0.942308,0.193878,0.00000418,1.000000,0.000000,13,13464,N/A,N/A,N/A,N/A,N/A,N/A
55,15,8,0.5378,104,10,19,AStar_h1,1,0.00018518100114306435,48,19,7,0.461538,0.395833,0.00000386,1.000000,0.000000,8,8296,N/A,N/A,N/A,N/A,N/A,N/A
55,15,8,0.5378,104,10,19,AStar_h2,1,0.00021070799994049594,25,19,7,0.240385,0.760000,0.00000843,1.000000,0.000000,5,5320,N/A,N/A,N/A,N/A,N/A,N/A
55,15,8,0.5378,104,10,19,MDP_VI,1,0.2884991870014346,104,19,7,1.000000,0.182692,0.00277403,1.000000,0.000000,104,46413,61,0.28838720,0.00005084,83.0000,68.5886,104
55,15,8,0.5378,104,10,19,MDP_PI,1,1.608025572997576,104,19,7,1.000000,0.182692,0.01546178,1.000000,0.000000,104,52748,5,1.60792979,0.00004976,83.0000,68.5886,104
56,20,1,0.5025,199,10,65,DFS,1,0.0007238739999593236,172,65,17,0.864322,0.377907,0.00000421,1.000000,0.000000,5,13144,N/A,N/A,N/A,N/A,N/A,N/A
56,20,1,0.5025,199,10,65,BFS,1,0.0005438360021798871,134,65,17,0.673367,0.485075,0.00000406,1.000000,0.000000,3,12984,N/A,N/A,N/A,N/A,N/A,N/A
56,20,1,0.5025,199,10,65,AStar_h1,1,0.0004855439983657561,113,65,17,0.567839,0.575221,0.00000430,1.000000,0.000000,4,20672,N/A,N/A,N/A,N/A,N/A,N/A
56,20,1,0.5025,199,10,65,AStar_h2,1,0.0007924689998617396,111,65,17,0.557789,0.585586,0.00000714,1.000000,0.000000,4,20672,N/A,N/A,N/A,N/A,N/A,N/A
56,20,1,0.5025,199,10,65,MDP_VI,1,1.7113685170006647,199,65,17,1.000000,0.326633,0.00859984,1.000000,0.000000,199,71555,184,1.71119131,0.00011193,37.0000,6.1811,199
56,20,1,0.5025,199,10,65,MDP_PI,1,8.72460903600222,199,65,17,1.000000,0.326633,0.04384226,1.000000,0.000000,199,85100,7,8.72437209,0.00014059,37.0000,6.1811,199
57,20,1,0.5025,199,22,101,DFS,1,0.0006769760002498515,142,101,30,0.713568,0.711268,0.00000477,1.000000,0.000000,7,13736,N/A,N/A,N/A,N/A,N/A,N/A
57,20,1,0.5025,199,22,101,BFS,1,0.0007242860010592267,195,101,30,0.979899,0.517949,0.00000371,1.000000,0.000000,4,15208,N/A,N/A,N/A,N/A,N/A,N/A
57,20,1,0.5025,199,22,101,AStar_h1,1,0.0006892960009281524,179,101,30,0.899497,0.564246,0.00000385,1.000000,0.000000,4,32968,N/A,N/A,N/A,N/A,N/A,N/A
57,20,1,0.5025,199,22,101,AStar_h2,1,0.001198919999296777,172,101,30,0.864322,0.587209,0.00000697,1.000000,0.000000,6,33000,N/A,N/A,N/A,N/A,N/A,N/A
57,20,1,0.5025,199,22,101,MDP_VI,1,1.9767242740017537,199,101,30,1.000000,0.507538,0.00993329,1.000000,0.000000,199,74388,207,1.97648402,0.00017026,1.0000,-26.0541,199
57,20,1,0.5025,199,22,101,MDP_PI,1,6.081934895999439,199,101,30,1.000000,0.507538,0.03056249,1.000000,0.000000,199,76244,5,6.08167228,0.00017173,1.0000,-26.0541,199
58,20,1,0.5025,199,8,37,DFS,1,0.00025587500203982927,57,37,8,0.286432,0.649123,0.00000449,1.000000,0.000000,3,3896,N/A,N/A,N/A,N/A,N/A,N/A
58,20,1,0.5025,199,8,37,BFS,1,0.0002560600005381275,62,37,8,0.311558,0.596774,0.00000413,1.000000,0.000000,3,4472,N/A,N/A,N/A,N/A,N/A,N/A
58,20,1,0.5025,199,8,37,AStar_h1,1,0.0002505060001567472,56,37,8,0.281407,0.660714,0.00000447,1.000000,0.000000,3,8264,N/A,N/A,N/A,N/A,N/A,N/A
58,20,1,0.5025,199,8,37,AStar_h2,1,0.0004756259986606892,56,37,8,0.281407,0.660714,0.00000849,1.000000,0.000000,3,8264,N/A,N/A,N/A,N/A,N/A,N/A
58,20,1,0.5025,199,8,37,MDP_VI,1,1.3866166999978304,199,37,8,1.000000,0.185930,0.00696792,1.000000,0.000000,199,69366,147,1.38647582,0.00007863,65.0000,40.6895,199
58,20,1,0.5025,199,8,37,MDP_PI,1,4.962886995999725,199,37,8,1.000000,0.185930,0.02493913,1.000000,0.000000,199,75932,6,4.96274568,0.00007052,65.0000,40.6895,199
59,20,1,0.5025,199,22,47,DFS,1,0.0004872050012636464,125,47,16,0.628141,0.376000,0.00000390,1.000000,0.000000,6,12104,N/A,N/A,N/A,N/A,N/A,N/A
59,20,1,0.5025,199,22,47,BFS,1,0.000513497998326784,130,47,16,0.653266,0.361538,0.00000395,1.000000,0.000000,5,13384,N/A,N/A,N/A,N/A,N/A,N/A
59,20,1,0.5025,199,22,47,AStar_h1,1,0.0007878020005591679,99,47,16,0.497487,0.474747,0.00000796,1.000000,0.000000,5,20672,N/A,N/A,N/A,N/A,N/A,N/A
59,20,1,0.5025,199,22,47,AStar_h2,1,0.0006882310008222703,93,47,16,0.467337,0.505376,0.00000740,1.000000,0.000000,5,20704,N/A,N/A,N/A,N/A,N/A,N/A
59,20,1,0.5025,199,22,47,MDP_VI,1,1.6203581879999547,199,47,16,1.000000,0.236181,0.00814250,1.000000,0.000000,199,71803,177,1.62016705,0.00010107,55.0000,27.2371,199
59,20,1,0.5025,199,22,47,MDP_PI,1,4.8626740260006045,199,47,16,1.000000,0.236181,0.02443555,1.000000,0.000000,199,75732,5,4.86248531,0.00010002,55.0000,27.2371,199
60,20,1,0.5025,199,14,107,DFS,1,0.0005087610006739851,127,107,27,0.638191,0.842520,0.00000401,1.000000,0.000000,8,14616,N/A,N/A,N/A,N/A,N/A,N/A
60,20,1,0.5025,199,14,107,BFS,1,0.0006542800001625437,155,107,27,0.778894,0.690323,0.00000422,1.000000,0.000000,3,14032,N/A,N/A,N/A,N/A,N/A,N/A
60,20,1,0.5025,199,14,107,AStar_h1,1,0.0005671319995599333,143,107,27,0.718593,0.748252,0.00000397,1.000000,0.000000,4,20640,N/A,N/A,N/A,N/A,N/A,N/A
60,20,1,0.5025,199,14,107,AStar_h2,1,0.001009824001812376,141,107,27,0.708543,0.758865,0.00000716,1.000000,0.000000,5,20640,N/A,N/A,N/A,N/A,N/A,N/A
60,20,1,0.5025,199,14,107,MDP_VI,1,1.6929893330016057,199,107,27,1.000000,0.537688,0.00850748,1.000000,0.000000,199,70985,186,1.69262260,0.00027465,-5.0000,-30.3814,199
60,20,1,0.5025,199,14,107,MDP_PI,1,5.5506736829993315,199,107,27,1.000000,0.537688,0.02789283,1.000000,0.000000,199,76676,9,5.55042744,0.00017359,-5.0000,-30.3814,199
61,20,2,0.5000,200,15,48,DFS,1,0.0003006490005645901,66,48,17,0.330000,0.727273,0.00000456,1.000000,0.000000,5,3960,N/A,N/A,N/A,N/A,N/A,N/A
61,20,2,0.5000,200,15,48,BFS,1,0.0005220219973125495,130,48,17,0.650000,0.369231,0.00000402,1.000000,0.000000,4,13232,N/A,N/A,N/A,N/A,N/A,N/A
61,20,2,0.5000,200,15,48,AStar_h1,1,0.00039889099934953265,102,48,17,0.510000,0.470588,0.00000391,1.000000,0.000000,4,20672,N/A,N/A,N/A,N/A,N/A,N/A
61,20,2,0.5000,200,15,48,AStar_h2,1,0.0005771489995822776,78,48,17,0.390000,0.615385,0.00000740,1.000000,0.000000,5,15624,N/A,N/A,N/A,N/A,N/A,N/A
61,20,2,0.5000,200,15,48,MDP_VI,1,1.8463995890015212,200,48,17,1.000000,0.240000,0.00923200,1.000000,0.000000,200,71826,197,1.84622657,0.00009487,54.0000,25.9647,200
61,20,2,0.5000,200,15,48,MDP_PI,1,8.282316251999873,200,48,17,1.000000,0.240000,0.04141158,1.000000,0.000000,200,77268,7,8.28213082,0.00011509,54.0000,25.9647,200
62,20,2,0.5000,200,9,38,DFS,1,0.0010192270019615535,196,38,13,0.980000,0.193878,0.00000520,1.000000,0.000000,4,11800,N/A,N/A,N/A,N/A,N/A,N/A
62,20,2,0.5000,200,9,38,BFS,1,0.0004067449990543537,88,38,13,0.440000,0.431818,0.00000462,1.000000,0.000000,4,13200,N/A,N/A,N/A,N/A,N/A,N/A
62,20,2,0.5000,200,9,38,AStar_h1,1,0.0002867939983843826,65,38,13,0.325000,0.584615,0.00000441,1.000000,0.000000,4,8264,N/A,N/A,N/A,N/A,N/A,N/A
62,20,2,0.5000,200,9,38,AStar_h2,1,0.0004053109987580683,51,38,13,0.255000,0.745098,0.00000795,1.000000,0.000000,5,8264,N/A,N/A,N/A,N/A,N/A,N/A
62,20,2,0.5000,200,9,38,MDP_VI,1,2.075994429000275,200,38,13,1.000000,0.190000,0.01037997,1.000000,0.000000,200,72395,204,2.07584225,0.00008655,64.0000,39.2826,200
62,20,2,0.5000,200,9,38,MDP_PI,1,5.828656943998794,200,38,13,1.000000,0.190000,0.02914328,1.000000,0.000000,200,76868,7,5.82849961,0.00009120,64.0000,39.2826,200
63,20,2,0.5000,200,12,37,DFS,1,0.0003365760021551978,71,37,12,0.355000,0.521127,0.00000474,1.000000,0.000000,4,4208,N/A,N/A,N/A,N/A,N/A,N/A
63,20,2,0.5000,200,12,37,BFS,1,0.0004160819989920128,96,37,12,0.480000,0.385417,0.00000433,1.000000,0.000000,5,12864,N/A,N/A,N/A,N/A,N/A,N/A
63,20,2,0.5000,200,12,37,AStar_h1,1,0.000455082998087164,77,37,12,0.385000,0.480519,0.00000591,1.000000,0.000000,5,8264,N/A,N/A,N/A,N/A,N/A,N/A
63,20,2,0.5000,200,12,37,AStar_h2,1,0.000604852000833489,71,37,12,0.355000,0.521127,0.00000852,1.000000,0.000000,4,8264,N/A,N/A,N/A,N/A,N/A,N/A
63,20,2,0.5000,200,12,37,MDP_VI,1,1.724049604999891,200,37,12,1.000000,0.185000,0.00862025,1.000000,0.000000,200,69399,154,1.72390237,0.00008243,65.0000,40.6895,200
63,20,2,0.5000,200,12,37,MDP_PI,1,6.041045663998375,200,37,12,1.000000,0.185000,0.03020523,1.000000,0.000000,200,76884,7,6.04087566,0.00008877,65.0000,40.6895,200
64,20,2,0.5000,200,21,44,DFS,1,0.0007559440018667374,165,44,15,0.825000,0.266667,0.00000458,1.000000,0.000000,9,15184,N/A,N/A,N/A,N/A,N/A,N/A
64,20,2,0.5000,200,21,44,BFS,1,0.000505943000462139,110,44,15,0.550000,0.400000,0.00000460,1.000000,0.000000,4,13224,N/A,N/A,N/A,N/A,N/A,N/A
64,20,2,0.5000,200,21,44,AStar_h1,1,0.0004255900021234993,86,44,15,0.430000,0.511628,0.00000495,1.000000,0.000000,4,20672,N/A,N/A,N/A,N/A,N/A,N/A
64,20,2,0.5000,200,21,44,AStar_h2,1,0.00066510399847175,81,44,15,0.405000,0.543210,0.00000821,1.000000,0.000000,7,8296,N/A,N/A,N/A,N/A,N/A,N/A
64,20,2,0.5000,200,21,44,MDP_VI,1,1.8323847560022841,200,44,15,1.000000,0.220000,0.00916192,1.000000,0.000000,200,69849,149,1.83217574,0.00011274,58.0000,31.1318,200
64,20,2,0.5000,200,21,44,MDP_PI,1,4.9378119700013485,200,44,15,1.000000,0.220000,0.02468906,1.000000,0.000000,200,75212,6,4.93765931,0.00009263,58.0000,31.1318,200
65,20,2,0.5000,200,16,89,DFS,1,0.0007303710008272901,163,89,29,0.815000,0.546012,0.00000448,1.000000,0.000000,5,13656,N/A,N/A,N/A,N/A,N/A,N/A
65,20,2,0.5000,200,16,89,BFS,1,0.0007759680011076853,171,89,29,0.855000,0.520468,0.00000454,1.000000,0.000000,4,13968,N/A,N/A,N/A,N/A,N/A,N/A
65,20,2,0.5000,200,16,89,AStar_h1,1,0.0006185660022310913,145,89,29,0.725000,0.613793,0.00000427,1.000000,0.000000,4,20640,N/A,N/A,N/A,N/A,N/A,N/A
65,20,2,0.5000,200,16,89,AStar_h2,1,0.0011265360008110292,141,89,29,0.705000,0.631206,0.00000799,1.000000,0.000000,4,20640,N/A,N/A,N/A,N/A,N/A,N/A
65,20,2,0.5000,200,16,89,MDP_VI,1,2.283181541999511,200,89,29,1.000000,0.445000,0.01141591,1.000000,0.000000,200,69468,188,2.28288344,0.00020529,13.0000,-16.5758,200
65,20,2,0.5000,200,16,89,MDP_PI,1,8.313045349997992,200,89,29,1.000000,0.445000,0.04156523,1.000000,0.000000,200,77748,9,8.31240550,0.00055317,13.0000,-16.5758,200
66,20,4,0.4950,202,23,52,DFS,1,0.0004496549991017673,93,52,16,0.460396,0.559140,0.00000483,1.000000,0.000000,5,11896,N/A,N/A,N/A,N/A,N/A,N/A
66,20,4,0.4950,202,23,52,BFS,1,0.0008323100009874906,201,52,17,0.995050,0.258706,0.00000414,1.000000,0.000000,8,13432,N/A,N/A,N/A,N/A,N/A,N/A
66,20,4,0.4950,202,23,52,AStar_h1,1,0.0008693830022821203,197,52,17,0.975248,0.263959,0.00000441,1.000000,0.000000,10,33128,N/A,N/A,N/A,N/A,N/A,N/A
66,20,4,0.4950,202,23,52,AStar_h2,1,0.00048262500058626756,58,52,17,0.287129,0.896552,0.00000832,1.000000,0.000000,5,8264,N/A,N/A,N/A,N/A,N/A,N/A
66,20,4,0.4950,202,23,52,MDP_VI,1,1.4134606099978555,202,52,17,1.000000,0.257426,0.00699733,1.000000,0.000000,202,68598,122,1.41327261,0.00011445,50.0000,21.0012,202
66,20,4,0.4950,202,23,52,MDP_PI,1,5.470038876999752,202,52,17,1.000000,0.257426,0.02707940,1.000000,0.000000,202,76244,4,5.46986775,0.00010757,50.0000,21.0012,202
67,20,4,0.4950,202,18,43,DFS,1,0.0006559230023412965,126,47,11,0.623762,0.373016,0.00000521,0.914894,0.093023,5,12048,N/A,N/A,N/A,N/A,N/A,N/A
67,20,4,0.4950,202,18,43,BFS,1,0.00042862199916271493,106,43,13,0.524752,0.405660,0.00000404,1.000000,0.000000,6,13136,N/A,N/A,N/A,N/A,N/A,N/A
67,20,4,0.4950,202,18,43,AStar_h1,1,0.00036206799995852634,87,43,13,0.430693,0.494253,0.00000416,1.000000,0.000000,5,20672,N/A,N/A,N/A,N/A,N/A,N/A
67,20,4,0.4950,202,18,43,AStar_h2,1,0.0005285280021780636,75,43,13,0.371287,0.573333,0.00000705,1.000000,0.000000,6,8296,N/A,N/A,N/A,N/A,N/A,N/A
67,20,4,0.4950,202,18,43,MDP_VI,1,1.2779511420012568,202,43,13,1.000000,0.212871,0.00632649,1.000000,0.000000,202,69341,137,1.27781498,0.00007820,59.0000,32.4564,202
67,20,4,0.4950,202,18,43,MDP_PI,1,5.09077118499772,202,43,13,1.000000,0.212871,0.02520184,1.000000,0.000000,202,76156,5,5.09061795,0.00008909,59.0000,32.4564,202
68,20,4,0.4950,202,15,38,DFS,1,0.0007185860013123602,168,38,12,0.831683,0.226190,0.00000428,1.000000,0.000000,7,11424,N/A,N/A,N/A,N/A,N/A,N/A
68,20,4,0.4950,202,15,38,BFS,1,0.0008235329987655859,173,38,14,0.856436,0.219653,0.00000476,1.000000,0.000000,9,14048,N/A,N/A,N/A,N/A,N/A,N/A
68,20,4,0.4950,202,15,38,AStar_h1,1,0.0006064310000510886,133,38,14,0.658416,0.285714,0.00000456,1.000000,0.000000,9,20704,N/A,N/A,N/A,N/A,N/A,N/A
68,20,4,0.4950,202,15,38,AStar_h2,1,0.000997625000309199,155,38,14,0.767327,0.245161,0.00000644,1.000000,0.000000,8,20704,N/A,N/A,N/A,N/A,N/A,N/A
68,20,4,0.4950,202,15,38,MDP_VI,1,1.3538474170018162,202,38,12,1.000000,0.188119,0.00670221,1.000000,0.000000,202,69355,147,1.35367500,0.00009746,64.0000,39.2826,202
68,20,4,0.4950,202,15,38,MDP_PI,1,4.713735860001179,202,38,12,1.000000,0.188119,0.02333533,1.000000,0.000000,202,77148,12,4.71361275,0.00007053,64.0000,39.2826,202
69,20,4,0.4950,202,26,51,DFS,1,0.0006886750015837606,168,77,26,0.831683,0.458333,0.00000410,0.662338,0.509804,9,14176,N/A,N/A,N/A,N/A,N/A,N/A
69,20,4,0.4950,202,26,51,BFS,1,0.0006573800019396003,150,51,16,0.742574,0.340000,0.00000438,1.000000,0.000000,5,13264,N/A,N/A,N/A,N/A,N/A,N/A
69,20,4,0.4950,202,26,51,AStar_h1,1,0.0005359729984775186,132,51,18,0.653465,0.386364,0.00000406,1.000000,0.000000,7,20704,N/A,N/A,N/A,N/A,N/A,N/A
69,20,4,0.4950,202,26,51,AStar_h2,1,0.0005295890005072579,77,51,18,0.381188,0.662338,0.00000688,1.000000,0.000000,7,8264,N/A,N/A,N/A,N/A,N/A,N/A
69,20,4,0.4950,202,26,51,MDP_VI,1,1.1069498190008744,202,51,16,1.000000,0.252475,0.00547995,1.000000,0.000000,202,64672,122,1.10677127,0.00010471,51.0000,22.2234,202
69,20,4,0.4950,202,26,51,MDP_PI,1,5.2122766520005825,202,51,16,1.000000,0.252475,0.02580335,1.000000,0.000000,202,75788,6,5.21206635,0.00010946,51.0000,22.2234,202
70,20,4,0.4950,202,12,89,DFS,1,0.0006284279988904018,153,141,50,0.757426,0.921569,0.00000411,0.631206,0.584270,8,14504,N/A,N/A,N/A,N/A,N/A,N/A
70,20,4,0.4950,202,12,89,BFS,1,0.000759086000471143,190,89,34,0.940594,0.468421,0.00000400,1.000000,0.000000,7,14096,N/A,N/A,N/A,N/A,N/A,N/A
70,20,4,0.4950,202,12,89,AStar_h1,1,0.0006895529986650217,177,89,34,0.876238,0.502825,0.00000390,1.000000,0.000000,7,32968,N/A,N/A,N/A,N/A,N/A,N/A
70,20,4,0.4950,202,12,89,AStar_h2,1,0.0012564799981191754,177,89,34,0.876238,0.502825,0.00000710,1.000000,0.000000,5,32968,N/A,N/A,N/A,N/A,N/A,N/A
70,20,4,0.4950,202,12,89,MDP_VI,1,1.6865691169987258,202,89,34,1.000000,0.440594,0.00834935,1.000000,0.000000,202,68342,182,1.68632303,0.00016176,13.0000,-16.5758,202
70,20,4,0.4950,202,12,89,MDP_PI,1,5.937779400999716,202,89,34,1.000000,0.440594,0.02939495,1.000000,0.000000,202,77604,18,5.93755766,0.00015386,13.0000,-16.5758,202
71,20,8,0.4850,206,15,40,DFS,1,0.000339051999617368,82,66,23,0.398058,0.804878,0.00000413,0.606061,0.650000,6,12552,N/A,N/A,N/A,N/A,N/A,N/A
71,20,8,0.4850,206,15,40,BFS,1,0.0006682109997200314,170,40,13,0.825243,0.235294,0.00000393,1.000000,0.000000,7,13496,N/A,N/A,N/A,N/A,N/A,N/A
71,20,8,0.4850,206,15,40,AStar_h1,1,0.0005510619994311128,116,40,13,0.563107,0.344828,0.00000475,1.000000,0.000000,8,20704,N/A,N/A,N/A,N/A,N/A,N/A
71,20,8,0.4850,206,15,40,AStar_h2,1,0.0005699559987988323,75,50,15,0.364078,0.666667,0.00000760,0.800000,0.250000,5,8264,N/A,N/A,N/A,N/A,N/A,N/A
71,20,8,0.4850,206,15,40,MDP_VI,1,0.9833615930001542,206,40,13,1.000000,0.194175,0.00477360,1.000000,0.000000,206,71684,104,0.98321053,0.00008225,62.0000,36.5109,206
71,20,8,0.4850,206,15,40,MDP_PI,1,4.384859518999292,206,40,13,1.000000,0.194175,0.02128573,1.000000,0.000000,206,100724,6,4.38465454,0.00010270,62.0000,36.5109,206
72,20,8,0.4850,206,13,74,DFS,1,0.0007324680009332951,176,116,34,0.854369,0.659091,0.00000416,0.637931,0.567568,14,19064,N/A,N/A,N/A,N/A,N/A,N/A
72,20,8,0.4850,206,13,74,BFS,1,0.0007169679993239697,183,74,17,0.888350,0.404372,0.00000392,1.000000,0.000000,5,14776,N/A,N/A,N/A,N/A,N/A,N/A
72,20,8,0.4850,206,13,74,AStar_h1,1,0.0007952579981065355,172,74,17,0.834951,0.430233,0.00000462,1.000000,0.000000,7,33096,N/A,N/A,N/A,N/A,N/A,N/A
72,20,8,0.4850,206,13,74,AStar_h2,1,0.0012179860023024958,173,74,17,0.839806,0.427746,0.00000704,1.000000,0.000000,6,33000,N/A,N/A,N/A,N/A,N/A,N/A
72,20,8,0.4850,206,13,74,MDP_VI,1,1.6258709329995327,206,74,17,1.000000,0.359223,0.00789258,1.000000,0.000000,206,72636,162,1.62565234,0.00015425,28.0000,-3.0017,206
72,20,8,0.4850,206,13,74,MDP_PI,1,4.985548661999928,206,74,17,1.000000,0.359223,0.02420169,1.000000,0.000000,206,77036,9,4.98537091,0.00011715,28.0000,-3.0017,206
73,20,8,0.4850,206,30,55,DFS,1,0.000956601001234958,204,103,32,0.990291,0.504902,0.00000469,0.533981,0.872727,11,15944,N/A,N/A,N/A,N/A,N/A,N/A
73,20,8,0.4850,206,30,55,BFS,1,0.0007643069984624162,198,55,16,0.961165,0.277778,0.00000386,1.000000,0.000000,10,14808,N/A,N/A,N/A,N/A,N/A,N/A
73,20,8,0.4850,206,30,55,AStar_h1,1,0.0007525069995608646,175,55,16,0.849515,0.314286,0.00000430,1.000000,0.000000,9,33128,N/A,N/A,N/A,N/A,N/A,N/A
73,20,8,0.4850,206,30,55,AStar_h2,1,0.0009855339994828682,134,59,18,0.650485,0.440299,0.00000735,0.932203,0.072727,12,20704,N/A,N/A,N/A,N/A,N/A,N/A
73,20,8,0.4850,206,30,55,MDP_VI,1,1.1785550439999497,206,55,16,1.000000,0.266990,0.00572114,1.000000,0.000000,206,66507,125,1.17838347,0.00010484,47.0000,17.4074,206
73,20,8,0.4850,206,30,55,MDP_PI,1,5.003092004000791,206,55,16,1.000000,0.266990,0.02428685,1.000000,0.000000,206,76332,7,5.00287737,0.00011998,47.0000,17.4074,206
74,20,8,0.4850,206,15,24,DFS,1,0.0004580310014716815,117,52,18,0.567961,0.444444,0.00000391,0.461538,1.166667,6,11432,N/A,N/A,N/A,N/A,N/A,N/A
74,20,8,0.4850,206,15,24,BFS,1,0.0004085360014869366,106,24,7,0.514563,0.226415,0.00000385,1.000000,0.000000,8,13176,N/A,N/A,N/A,N/A,N/A,N/A
74,20,8,0.4850,206,15,24,AStar_h1,1,0.00023066600260790437,57,24,7,0.276699,0.421053,0.00000405,1.000000,0.000000,7,8296,N/A,N/A,N/A,N/A,N/A,N/A
74,20,8,0.4850,206,15,24,AStar_h2,1,0.00023050199888530187,28,24,7,0.135922,0.857143,0.00000823,1.000000,0.000000,5,5384,N/A,N/A,N/A,N/A,N/A,N/A
74,20,8,0.4850,206,15,24,MDP_VI,1,1.0080616560007911,206,24,7,1.000000,0.116505,0.00489350,1.000000,0.000000,206,70370,109,1.00792513,0.00006585,78.0000,60.3261,206
74,20,8,0.4850,206,15,24,MDP_PI,1,5.102013514999271,206,24,7,1.000000,0.116505,0.02476706,1.000000,0.000000,206,76004,8,5.10187097,0.00006510,78.0000,60.3261,206
75,20,8,0.4850,206,22,45,DFS,1,0.0007908820007287432,183,81,21,0.888350,0.442623,0.00000432,0.555556,0.800000,12,15080,N/A,N/A,N/A,N/A,N/A,N/A
75,20,8,0.4850,206,22,45,BFS,1,0.0005043810015195049,125,45,13,0.606796,0.360000,0.00000404,1.000000,0.000000,6,12904,N/A,N/A,N/A,N/A,N/A,N/A
75,20,8,0.4850,206,22,45,AStar_h1,1,0.0004155099995841738,100,45,13,0.485437,0.450000,0.00000416,1.000000,0.000000,7,20672,N/A,N/A,N/A,N/A,N/A,N/A
75,20,8,0.4850,206,22,45,AStar_h2,1,0.00039037700116750784,52,45,13,0.252427,0.865385,0.00000751,1.000000,0.000000,7,8296,N/A,N/A,N/A,N/A,N/A,N/A
75,20,8,0.4850,206,22,45,MDP_VI,1,0.9448745800000324,206,45,13,1.000000,0.218447,0.00458677,1.000000,0.000000,206,65748,102,0.94473022,0.00009096,57.0000,29.8205,206
75,20,8,0.4850,206,22,45,MDP_PI,1,3.995639744000073,206,45,13,1.000000,0.218447,0.01939631,1.000000,0.000000,206,76164,6,3.99551127,0.00007706,57.0000,29.8205,206
76,50,1,0.5004,1249,44,65,DFS,1,0.0004904720008198638,118,65,19,0.094476,0.550847,0.00000416,1.000000,0.000000,5,12112,N/A,N/A,N/A,N/A,N/A,N/A
76,50,1,0.5004,1249,44,65,BFS,1,0.0006040849984856322,163,65,19,0.130504,0.398773,0.00000371,1.000000,0.000000,5,14192,N/A,N/A,N/A,N/A,N/A,N/A
76,50,1,0.5004,1249,44,65,AStar_h1,1,0.0005212630021560472,147,65,19,0.117694,0.442177,0.00000355,1.000000,0.000000,5,20704,N/A,N/A,N/A,N/A,N/A,N/A
76,50,1,0.5004,1249,44,65,AStar_h2,1,0.0009105530007218476,114,65,19,0.091273,0.570175,0.00000799,1.000000,0.000000,6,20704,N/A,N/A,N/A,N/A,N/A,N/A
76,50,1,0.5004,1249,44,65,MDP_VI,1,32.425694940997346,1249,65,19,1.000000,0.052042,0.02596133,1.000000,0.000000,1249,389084,500,32.42536120,0.00012815,37.0000,6.1811,1249
76,50,1,0.5004,1249,44,65,MDP_PI,1,107.8976888899997,1249,65,19,1.000000,0.052042,0.08638726,1.000000,0.000000,1249,528276,23,107.89734636,0.00013520,37.0000,6.1811,1249
77,50,1,0.5004,1249,47,258,DFS,1,0.005328024999471381,1245,258,96,0.996797,0.207229,0.00000428,1.000000,0.000000,10,183632,N/A,N/A,N/A,N/A,N/A,N/A
77,50,1,0.5004,1249,47,258,BFS,1,0.0032143270000233315,876,258,96,0.701361,0.294521,0.00000367,1.000000,0.000000,14,53072,N/A,N/A,N/A,N/A,N/A,N/A
77,50,1,0.5004,1249,47,258,AStar_h1,1,0.0034069649991579354,821,258,96,0.657326,0.314251,0.00000415,1.000000,0.000000,9,131400,N/A,N/A,N/A,N/A,N/A,N/A
77,50,1,0.5004,1249,47,258,AStar_h2,1,0.005038622999563813,710,258,96,0.568455,0.363380,0.00000710,1.000000,0.000000,10,131400,N/A,N/A,N/A,N/A,N/A,N/A
77,50,1,0.5004,1249,47,258,MDP_VI,1,29.430443227996875,1249,258,96,1.000000,0.206565,0.02356321,1.000000,0.000000,1249,342140,500,29.42986448,0.00038844,-156.0000,-84.7370,1249
77,50,1,0.5004,1249,47,258,MDP_PI,1,124.88672230800148,1249,258,96,1.000000,0.206565,0.09998937,1.000000,0.000000,1249,488716,31,124.88592406,0.00058073,-156.0000,-84.7370,1249
78,50,1,0.5004,1249,37,158,DFS,1,0.000779183999839006,173,158,49,0.138511,0.913295,0.00000450,1.000000,0.000000,7,16528,N/A,N/A,N/A,N/A,N/A,N/A
78,50,1,0.5004,1249,37,158,BFS,1,0.002278408002894139,538,158,49,0.430745,0.293680,0.00000423,1.000000,0.000000,7,48168,N/A,N/A,N/A,N/A,N/A,N/A
78,50,1,0.5004,1249,37,158,AStar_h1,1,0.0016746630026318599,488,158,49,0.390713,0.323770,0.00000343,1.000000,0.000000,9,82048,N/A,N/A,N/A,N/A,N/A,N/A
78,50,1,0.5004,1249,37,158,AStar_h2,1,0.0023784410004736856,351,158,49,0.281025,0.450142,0.00000678,1.000000,0.000000,7,82048,N/A,N/A,N/A,N/A,N/A,N/A
78,50,1,0.5004,1249,37,158,MDP_VI,1,30.387191346999316,1249,158,49,1.000000,0.126501,0.02432922,1.000000,0.000000,1249,342143,500,30.38674083,0.00026407,-56.0000,-58.3015,1249
78,50,1,0.5004,1249,37,158,MDP_PI,1,91.18518035300076,1249,158,49,1.000000,0.126501,0.07300655,1.000000,0.000000,1249,487852,17,91.18437080,0.00033151,-56.0000,-58.3015,1249
79,50,2,0.5000,1250,21,28,DFS,1,0.004575691000354709,1054,28,7,0.843200,0.026565,0.00000434,1.000000,0.000000,22,112408,N/A,N/A,N/A,N/A,N/A,N/A
79,50,2,0.5000,1250,21,28,BFS,1,0.00031754399969941005,72,28,7,0.057600,0.388889,0.00000441,1.000000,0.000000,3,5104,N/A,N/A,N/A,N/A,N/A,N/A
79,50,2,0.5000,1250,21,28,AStar_h1,1,0.00017611599832889624,34,28,7,0.027200,0.823529,0.00000518,1.000000,0.000000,2,5312,N/A,N/A,N/A,N/A,N/A,N/A
79,50,2,0.5000,1250,21,28,AStar_h2,1,0.000288752002234105,35,28,7,0.028000,0.800000,0.00000825,1.000000,0.000000,2,5416,N/A,N/A,N/A,N/A,N/A,N/A
79,50,2,0.5000,1250,21,28,MDP_VI,1,32.65968142299971,1250,28,7,1.000000,0.022400,0.02612775,1.000000,0.000000,1250,342367,500,32.65946512,0.00007490,74.0000,54.0086,1250
79,50,2,0.5000,1250,21,28,MDP_PI,1,102.58863247900081,1250,28,7,1.000000,0.022400,0.08207091,1.000000,0.000000,1250,488572,27,102.58838527,0.00007812,74.0000,54.0086,1250
80,50,2,0.5000,1250,43,236,DFS,1,0.0048476989977643825,1153,236,75,0.922400,0.204683,0.00000420,1.000000,0.000000,13,63056,N/A,N/A,N/A,N/A,N/A,N/A
80,50,2,0.5000,1250,43,236,BFS,1,0.004191833002550993,918,236,75,0.734400,0.257081,0.00000457,1.000000,0.000000,10,55160,N/A,N/A,N/A,N/A,N/A,N/A
80,50,2,0.5000,1250,43,236,AStar_h1,1,0.0031281880001188256,818,236,75,0.654400,0.288509,0.00000382,1.000000,0.000000,7,131400,N/A,N/A,N/A,N/A,N/A,N/A
80,50,2,0.5000,1250,43,236,AStar_h2,1,0.004640235001716064,634,236,75,0.507200,0.372240,0.00000732,1.000000,0.000000,7,82048,N/A,N/A,N/A,N/A,N/A,N/A
80,50,2,0.5000,1250,43,236,MDP_VI,1,31.661314770997706,1250,236,75,1.000000,0.188800,0.02532905,1.000000,0.000000,1250,339252,500,31.66075957,0.00037723,-134.0000,-80.9601,1250
80,50,2,0.5000,1250,43,236,MDP_PI,1,101.21523443600017,1250,236,75,1.000000,0.188800,0.08097219,1.000000,0.000000,1250,487940,23,101.21444374,0.00055778,-134.0000,-80.9601,1250
81,50,2,0.5000,1250,41,280,DFS,1,0.005304881000483874,1100,280,86,0.880000,0.254545,0.00000482,1.000000,0.000000,19,82704,N/A,N/A,N/A,N/A,N/A,N/A
81,50,2,0.5000,1250,41,280,BFS,1,0.002980458997626556,797,280,86,0.637600,0.351317,0.00000374,1.000000,0.000000,7,52424,N/A,N/A,N/A,N/A,N/A,N/A
81,50,2,0.5000,1250,41,280,AStar_h1,1,0.0030651320012111682,783,280,86,0.626400,0.357599,0.00000391,1.000000,0.000000,9,131368,N/A,N/A,N/A,N/A,N/A,N/A
81,50,2,0.5000,1250,41,280,AStar_h2,1,0.005282008998619858,683,280,86,0.546400,0.409956,0.00000773,1.000000,0.000000,8,132776,N/A,N/A,N/A,N/A,N/A,N/A
81,50,2,0.5000,1250,41,280,MDP_VI,1,32.169078495000576,1250,280,86,1.000000,0.224000,0.02573526,1.000000,0.000000,1250,342708,500,32.16833357,0.00050582,-178.0000,-87.7647,1250
81,50,2,0.5000,1250,41,280,MDP_PI,1,96.74311618100182,1250,280,86,1.000000,0.224000,0.07739449,1.000000,0.000000,1250,488556,19,96.74240269,0.00050109,-178.0000,-87.7647,1250
82,50,4,0.4992,1252,38,387,DFS,1,0.004244183997798245,993,387,112,0.793131,0.389728,0.00000427,1.000000,0.000000,21,77024,N/A,N/A,N/A,N/A,N/A,N/A
82,50,4,0.4992,1252,38,387,BFS,1,0.005028267998568481,1241,387,112,0.991214,0.311845,0.00000405,1.000000,0.000000,10,181360,N/A,N/A,N/A,N/A,N/A,N/A
82,50,4,0.4992,1252,38,387,AStar_h1,1,0.005740488999435911,1218,387,112,0.972843,0.317734,0.00000471,1.000000,0.000000,8,131400,N/A,N/A,N/A,N/A,N/A,N/A
82,50,4,0.4992,1252,38,387,AStar_h2,1,0.008006435997231165,1129,387,112,0.901757,0.342781,0.00000709,1.000000,0.000000,10,131400,N/A,N/A,N/A,N/A,N/A,N/A
82,50,4,0.4992,1252,38,387,MDP_VI,1,30.018720226002188,1252,387,112,1.000000,0.309105,0.02397661,1.000000,0.000000,1252,344713,500,30.01788776,0.00061514,-285.0000,-95.8257,1252
82,50,4,0.4992,1252,38,387,MDP_PI,1,91.8189919280012,1252,387,112,1.000000,0.309105,0.07333785,1.000000,0.000000,1252,489420,39,91.81793565,0.00079594,-285.0000,-95.8257,1252
83,50,4,0.4992,1252,46,381,DFS,1,0.0037858940013393294,914,393,115,0.730032,0.429978,0.00000414,0.969466,0.031496,17,83456,N/A,N/A,N/A,N/A,N/A,N/A
83,50,4,0.4992,1252,46,381,BFS,1,0.005571801000769483,1192,381,113,0.952077,0.319631,0.00000467,1.000000,0.000000,7,68696,N/A,N/A,N/A,N/A,N/A,N/A
83,50,4,0.4992,1252,46,381,AStar_h1,1,0.005373695003072498,1154,381,113,0.921725,0.330156,0.00000466,1.000000,0.000000,10,134248,N/A,N/A,N/A,N/A,N/A,N/A
83,50,4,0.4992,1252,46,381,AStar_h2,1,0.006403098999726353,935,381,113,0.746805,0.407487,0.00000685,1.000000,0.000000,11,131880,N/A,N/A,N/A,N/A,N/A,N/A
83,50,4,0.4992,1252,46,381,MDP_VI,1,32.12655677100338,1252,381,113,1.000000,0.304313,0.02566019,1.000000,0.000000,1252,343207,500,32.12551182,0.00078460,-279.0000,-95.5663,1252
83,50,4,0.4992,1252,46,381,MDP_PI,1,82.81838612099818,1252,381,113,1.000000,0.304313,0.06614887,1.000000,0.000000,1252,487124,25,82.81747871,0.00062988,-279.0000,-95.5663,1252
84,50,4,0.4992,1252,37,142,DFS,1,0.0010805929996422492,266,142,43,0.212460,0.533835,0.00000406,1.000000,0.000000,6,14632,N/A,N/A,N/A,N/A,N/A,N/A
84,50,4,0.4992,1252,37,142,BFS,1,0.0012080649976269342,308,142,43,0.246006,0.461039,0.00000392,1.000000,0.000000,6,47232,N/A,N/A,N/A,N/A,N/A,N/A
84,50,4,0.4992,1252,37,142,AStar_h1,1,0.0012842310025007464,304,142,43,0.242812,0.467105,0.00000422,1.000000,0.000000,8,33000,N/A,N/A,N/A,N/A,N/A,N/A
84,50,4,0.4992,1252,37,142,AStar_h2,1,0.003470690000540344,305,146,51,0.243610,0.478689,0.00001138,0.972603,0.028169,9,33032,N/A,N/A,N/A,N/A,N/A,N/A
84,50,4,0.4992,1252,37,142,MDP_VI,1,34.01412015299866,1252,142,43,1.000000,0.113419,0.02716783,1.000000,0.000000,1252,342220,500,34.01369058,0.00025016,-40.0000,-51.0269,1252
84,50,4,0.4992,1252,37,142,MDP_PI,1,107.61008972099808,1252,142,43,1.000000,0.113419,0.08595055,1.000000,0.000000,1252,492476,19,107.60956627,0.00030282,-40.0000,-51.0269,1252
85,50,8,0.4976,1256,30,129,DFS,1,0.0007831420007278211,160,129,43,0.127389,0.806250,0.00000489,1.000000,0.000000,8,14712,N/A,N/A,N/A,N/A,N/A,N/A
85,50,8,0.4976,1256,30,129,BFS,1,0.0019402260004426353,413,129,43,0.328822,0.312349,0.00000470,1.000000,0.000000,6,49960,N/A,N/A,N/A,N/A,N/A,N/A
85,50,8,0.4976,1256,30,129,AStar_h1,1,0.001135695001721615,306,129,43,0.243631,0.421569,0.00000371,1.000000,0.000000,8,32968,N/A,N/A,N/A,N/A,N/A,N/A
85,50,8,0.4976,1256,30,129,AStar_h2,1,0.0020432780002010986,263,129,43,0.209395,0.490494,0.00000777,1.000000,0.000000,7,32968,N/A,N/A,N/A,N/A,N/A,N/A
85,50,8,0.4976,1256,30,129,MDP_VI,1,23.32697625700166,1256,129,43,1.000000,0.102707,0.01857243,1.000000,0.000000,1256,334828,370,23.32656755,0.00022862,-27.0000,-44.1916,1256
85,50,8,0.4976,1256,30,129,MDP_PI,1,97.3830410269984,1256,129,43,1.000000,0.102707,0.07753427,1.000000,0.000000,1256,489980,37,97.38233753,0.00028529,-27.0000,-44.1916,1256
86,50,8,0.4976,1256,37,194,DFS,1,0.002407358999334974,589,194,65,0.468949,0.329372,0.00000409,1.000000,0.000000,12,46680,N/A,N/A,N/A,N/A,N/A,N/A
86,50,8,0.4976,1256,37,194,BFS,1,0.003682580001623137,911,194,65,0.725318,0.212953,0.00000404,1.000000,0.000000,11,59232,N/A,N/A,N/A,N/A,N/A,N/A
86,50,8,0.4976,1256,37,194,AStar_h1,1,0.0023519739988842048,721,194,65,0.574045,0.269071,0.00000326,1.000000,0.000000,8,131400,N/A,N/A,N/A,N/A,N/A,N/A
86,50,8,0.4976,1256,37,194,AStar_h2,1,0.0037012409993621986,520,194,65,0.414013,0.373077,0.00000712,1.000000,0.000000,11,82016,N/A,N/A,N/A,N/A,N/A,N/A
86,50,8,0.4976,1256,37,194,MDP_VI,1,29.384547703000862,1256,194,65,1.000000,0.154459,0.02339534,1.000000,0.000000,1256,339588,500,29.38411950,0.00027404,-92.0000,-70.9606,1256
86,50,8,0.4976,1256,37,194,MDP_PI,1,91.0783109460026,1256,194,65,1.000000,0.154459,0.07251458,1.000000,0.000000,1256,489564,21,91.07779559,0.00033130,-92.0000,-70.9606,1256
87,50,8,0.4976,1256,49,216,DFS,1,0.0029972410011396278,812,240,81,0.646497,0.295567,0.00000369,0.900000,0.111111,15,60400,N/A,N/A,N/A,N/A,N/A,N/A
87,50,8,0.4976,1256,49,216,BFS,1,0.005674809002812253,1231,216,71,0.980096,0.175467,0.00000461,1.000000,0.000000,18,182352,N/A,N/A,N/A,N/A,N/A,N/A
87,50,8,0.4976,1256,49,216,AStar_h1,1,0.0037272049994498957,1124,216,71,0.894904,0.192171,0.00000332,1.000000,0.000000,16,131624,N/A,N/A,N/A,N/A,N/A,N/A
87,50,8,0.4976,1256,49,216,AStar_h2,1,0.005365871998947114,867,216,71,0.690287,0.249135,0.00000619,1.000000,0.000000,14,131432,N/A,N/A,N/A,N/A,N/A,N/A
87,50,8,0.4976,1256,49,216,MDP_VI,1,29.409075847001077,1256,216,71,1.000000,0.171975,0.02341487,1.000000,0.000000,1256,346396,500,29.40853500,0.00033658,-114.0000,-76.7211,1256
87,50,8,0.4976,1256,49,216,MDP_PI,1,95.94414553500246,1256,216,71,1.000000,0.171975,0.07638865,1.000000,0.000000,1256,489508,24,95.94356533,0.00037181,-114.0000,-76.7211,1256
88,50,12,0.4960,1260,24,109,DFS,1,0.0059625739995681215,1207,157,51,0.957937,0.130075,0.00000494,0.694268,0.440367,26,111072,N/A,N/A,N/A,N/A,N/A,N/A
88,50,12,0.4960,1260,24,109,BFS,1,0.0017825970026024152,494,109,37,0.392063,0.220648,0.00000361,1.000000,0.000000,10,50096,N/A,N/A,N/A,N/A,N/A,N/A
88,50,12,0.4960,1260,24,109,AStar_h1,1,0.0016251090019068215,384,109,37,0.304762,0.283854,0.00000423,1.000000,0.000000,9,82048,N/A,N/A,N/A,N/A,N/A,N/A
88,50,12,0.4960,1260,24,109,AStar_h2,1,0.0018247869993501808,273,109,37,0.216667,0.399267,0.00000668,1.000000,0.000000,10,33000,N/A,N/A,N/A,N/A,N/A,N/A
88,50,12,0.4960,1260,24,109,MDP_VI,1,22.021083744999487,1260,109,37,1.000000,0.086508,0.01747705,1.000000,0.000000,1260,336937,372,22.02042633,0.00044020,-7.0000,-31.7668,1260
88,50,12,0.4960,1260,24,109,MDP_PI,1,90.40931540300153,1260,109,37,1.000000,0.086508,0.07175342,1.000000,0.000000,1260,490012,24,90.40887441,0.00024202,-7.0000,-31.7668,1260
89,50,12,0.4960,1260,56,197,DFS,1,0.001555741997435689,377,225,73,0.299206,0.596817,0.00000413,0.875556,0.142132,15,51600,N/A,N/A,N/A,N/A,N/A,N/A
89,50,12,0.4960,1260,56,197,BFS,1,0.0036134319998382125,854,197,63,0.677778,0.230679,0.00000423,1.000000,0.000000,12,53704,N/A,N/A,N/A,N/A,N/A,N/A
89,50,12,0.4960,1260,56,197,AStar_h1,1,0.002698719999898458,787,197,63,0.624603,0.250318,0.00000343,1.000000,0.000000,14,131464,N/A,N/A,N/A,N/A,N/A,N/A
89,50,12,0.4960,1260,56,197,AStar_h2,1,0.004273720998753561,647,197,63,0.513492,0.304482,0.00000661,1.000000,0.000000,10,82048,N/A,N/A,N/A,N/A,N/A,N/A
89,50,12,0.4960,1260,56,197,MDP_VI,1,21.37216793600237,1260,197,63,1.000000,0.156349,0.01696204,1.000000,0.000000,1260,335988,360,21.37167249,0.00031368,-95.0000,-71.8231,1260
89,50,12,0.4960,1260,56,197,MDP_PI,1,70.5548351260004,1260,197,63,1.000000,0.156349,0.05599590,1.000000,0.000000,1260,487948,28,70.55432114,0.00032692,-95.0000,-71.8231,1260
90,50,12,0.4960,1260,44,121,DFS,1,0.004581215998769039,1154,321,114,0.915873,0.278163,0.00000397,0.376947,1.652893,16,68728,N/A,N/A,N/A,N/A,N/A,N/A
90,50,12,0.4960,1260,44,121,BFS,1,0.0029759329991065897,650,121,37,0.515873,0.186154,0.00000458,1.000000,0.000000,16,53576,N/A,N/A,N/A,N/A,N/A,N/A
90,50,12,0.4960,1260,44,121,AStar_h1,1,0.0014796549985476304,439,121,37,0.348413,0.275626,0.00000337,1.000000,0.000000,16,82112,N/A,N/A,N/A,N/A,N/A,N/A
90,50,12,0.4960,1260,44,121,AStar_h2,1,0.0013686840029549785,211,121,37,0.167460,0.573460,0.00000649,1.000000,0.000000,9,33032,N/A,N/A,N/A,N/A,N/A,N/A
90,50,12,0.4960,1260,44,121,MDP_VI,1,25.930555652001203,1260,121,37,1.000000,0.096032,0.02057981,1.000000,0.000000,1260,340471,439,25.92999001,0.00034045,-19.0000,-39.5191,1260
90,50,12,0.4960,1260,44,121,MDP_PI,1,98.7162565639992,1260,121,37,1.000000,0.096032,0.07834624,1.000000,0.000000,1260,489420,19,98.71569460,0.00028914,-19.0000,-39.5191,1260
91,75,1,0.5134,2737,69,1226,DFS,1,0.010474670001713093,1838,1226,392,0.671538,0.667029,0.00000570,1.000000,0.000000,30,334480,N/A,N/A,N/A,N/A,N/A,N/A
91,75,1,0.5134,2737,69,1226,BFS,1,0.01547462300004554,2396,1226,392,0.875411,0.511686,0.00000646,1.000000,0.000000,7,243720,N/A,N/A,N/A,N/A,N/A,N/A
91,75,1,0.5134,2737,69,1226,AStar_h1,1,0.013387229002546519,2327,1226,392,0.850201,0.526859,0.00000575,1.000000,0.000000,8,379520,N/A,N/A,N/A,N/A,N/A,N/A
91,75,1,0.5134,2737,69,1226,AStar_h2,1,0.023117033000744414,2307,1226,392,0.842894,0.531426,0.00001002,1.000000,0.000000,8,377664,N/A,N/A,N/A,N/A,N/A,N/A
91,75,1,0.5134,2737,69,1226,MDP_VI,0,79.19641493000017,2737,0,0,1.000000,0.000000,0.02893548,N/A,N/A,2737,857245,500,79.19603641,0.00008417,-2.0000,-1.9900,2737
91,75,1,0.5134,2737,69,1226,MDP_PI,0,309.0804068540019,2737,0,0,1.000000,0.000000,0.11292671,N/A,N/A,2737,1063028,61,309.07970724,0.00004870,-2.0000,-1.9900,2737
92,75,1,0.5134,2737,83,356,DFS,1,0.002975200997752836,577,356,115,0.210815,0.616984,0.00000516,1.000000,0.000000,16,70504,N/A,N/A,N/A,N/A,N/A,N/A
92,75,1,0.5134,2737,83,356,BFS,1,0.004432507001183694,950,356,115,0.347095,0.374737,0.00000467,1.000000,0.000000,6,57096,N/A,N/A,N/A,N/A,N/A,N/A
92,75,1,0.5134,2737,83,356,AStar_h1,1,0.004014565001853043,916,356,115,0.334673,0.388646,0.00000438,1.000000,0.000000,7,133432,N/A,N/A,N/A,N/A,N/A,N/A
92,75,1,0.5134,2737,83,356,AStar_h2,1,0.00556623599914019,816,356,115,0.298137,0.436275,0.00000682,1.000000,0.000000,8,134104,N/A,N/A,N/A,N/A,N/A,N/A
92,75,1,0.5134,2737,83,356,MDP_VI,1,73.33313215700036,2737,356,115,1.000000,0.130069,0.02679325,1.000000,0.000000,2737,857387,500,73.33153483,0.00124354,-254.0000,-94.2998,2737
92,75,1,0.5134,2737,83,356,MDP_PI,1,264.8811069309995,2737,356,115,1.000000,0.130069,0.09677790,1.000000,0.000000,2737,1062676,50,264.87971043,0.00079308,-254.0000,-94.2998,2737
93,75,1,0.5134,2737,47,568,DFS,1,0.011917489999177633,2196,568,185,0.802338,0.258652,0.00000543,1.000000,0.000000,27,314264,N/A,N/A,N/A,N/A,N/A,N/A
93,75,1,0.5134,2737,47,568,BFS,1,0.007408861001749756,1504,568,185,0.549507,0.377660,0.00000493,1.000000,0.000000,7,189512,N/A,N/A,N/A,N/A,N/A,N/A
93,75,1,0.5134,2737,47,568,AStar_h1,1,0.07917996100150049,1493,568,185,0.545488,0.380442,0.00005303,1.000000,0.000000,8,349608,N/A,N/A,N/A,N/A,N/A,N/A
93,75,1,0.5134,2737,47,568,AStar_h2,1,0.012985553999897093,1461,568,185,0.533796,0.388775,0.00000889,1.000000,0.000000,11,350192,N/A,N/A,N/A,N/A,N/A,N/A
93,75,1,0.5134,2737,47,568,MDP_VI,0,70.9820843009984,2737,0,0,1.000000,0.000000,0.02593427,N/A,N/A,2737,886960,500,70.98172198,0.00002287,-1.0000,-1.0000,2737
93,75,1,0.5134,2737,47,568,MDP_PI,1,278.64176157899783,2737,568,185,1.000000,0.207526,0.10180554,1.000000,0.000000,2737,1059124,35,278.64021555,0.00105233,-466.0000,-99.3231,2737
94,75,2,0.5132,2738,62,639,DFS,1,0.004160072003287496,860,639,205,0.314098,0.743023,0.00000484,1.000000,0.000000,21,97904,N/A,N/A,N/A,N/A,N/A,N/A
94,75,2,0.5132,2738,62,639,BFS,1,0.0073946949996752664,1488,639,205,0.543462,0.429435,0.00000497,1.000000,0.000000,6,183888,N/A,N/A,N/A,N/A,N/A,N/A
94,75,2,0.5132,2738,62,639,AStar_h1,1,0.007067898000968853,1454,639,205,0.531045,0.439477,0.00000486,1.000000,0.000000,9,351984,N/A,N/A,N/A,N/A,N/A,N/A
94,75,2,0.5132,2738,62,639,AStar_h2,1,0.012336862997472053,1446,639,205,0.528123,0.441909,0.00000853,1.000000,0.000000,9,352040,N/A,N/A,N/A,N/A,N/A,N/A
94,75,2,0.5132,2738,62,639,MDP_VI,0,73.27017454499946,2738,0,0,1.000000,0.000000,0.02676047,N/A,N/A,2738,861164,500,73.26980731,0.00002705,-1.0000,-1.0000,2738
94,75,2,0.5132,2738,62,639,MDP_PI,1,276.27048271699823,2738,639,205,1.000000,0.233382,0.10090229,1.000000,0.000000,2738,1058764,29,276.26890063,0.00112711,-537.0000,-99.6684,2738
